Diện tích (m^2),Khu vực,Mô tả vị trí,Mặt tiền (m),Số phòng ngủ,WC,Giá nhà (Tỷ)
100,Quận Sơn Trà,NHÀ MẶT PHỐ,5,3.0,2.0,7.4
204,Quận Sơn Trà,CĂN HỘ CHUNG CƯ,10,3.0,3.0,0.07
204,Quận Sơn Trà,CĂN HỘ CHUNG CƯ,10,5.5,7.0,0.07
100,Quận Liên Chiểu,NHÀ ĐẤT THỔ CƯ,5,4.0,4.0,5.8
81,Quận Thanh Khê,NHÀ ĐẤT THỔ CƯ,5,3.0,2.0,5.9
40,Quận Thanh Khê,NHÀ ĐẤT THỔ CƯ,3,3.0,3.0,2.45
72,Quận Thanh Khê,NHÀ ĐẤT THỔ CƯ,5,3.0,3.0,2.4
204,Quận Sơn Trà,"NHÀ BIỆT THỰ, LIỀN KỀ",10,4.0,6.0,22.0
55,Quận Hải Châu,NHÀ ĐẤT THỔ CƯ,4,3.0,2.0,3.3
70,Quận Hải Châu,NHÀ MẶT PHỐ,4,3.0,2.0,4.97
43,Quận Hải Châu,NHÀ ĐẤT THỔ CƯ,5,2.0,2.0,2.99
76,Quận Hải Châu,NHÀ MẶT PHỐ,3,4.0,3.0,13.75
113,Quận Hải Châu,NHÀ MẶT PHỐ,10,4.0,5.0,16.0
100,Quận Thanh Khê,NHÀ MẶT PHỐ,5,4.0,5.0,9.5
75,Quận Thanh Khê,NHÀ MẶT PHỐ,5,4.0,4.0,5.79
76,Quận Thanh Khê,NHÀ ĐẤT THỔ CƯ,5,3.0,2.0,4.6
100,Quận Sơn Trà,CĂN HỘ CHUNG CƯ,10,3.0,3.0,5.0
92,Quận Hải Châu,NHÀ ĐẤT THỔ CƯ,5,3.0,3.0,5.9
100,Quận Sơn Trà,NHÀ MẶT PHỐ,5,2.0,1.0,3.69
140,Quận Sơn Trà,NHÀ MẶT PHỐ,5,5.5,7.0,18.0
68,Quận Thanh Khê,NHÀ TRONG NGÕ,3,5.0,2.0,3.7
120,Quận Ngũ Hành Sơn,NHÀ MẶT PHỐ,8,5.5,7.0,20.0
204,Quận Hải Châu,NHÀ ĐẤT THỔ CƯ,10,5.5,7.0,5.28
100,Quận Liên Chiểu,NHÀ MẶT PHỐ,5,3.0,3.0,5.75
57,Quận Thanh Khê,NHÀ MẶT PHỐ,5,4.0,5.0,8.2
90,Huyện Hòa Vang,NHÀ MẶT PHỐ,5,3.0,3.0,3.55
204,Quận Cẩm Lệ,"NHÀ BIỆT THỰ, LIỀN KỀ",10,3.0,3.0,12.0
94,Quận Sơn Trà,NHÀ ĐẤT THỔ CƯ,4,3.0,4.0,0.57233
80,Quận Sơn Trà,NHÀ ĐẤT THỔ CƯ,5,4.0,4.0,5.2
204,Quận Ngũ Hành Sơn,"NHÀ BIỆT THỰ, LIỀN KỀ",10,5.0,5.0,20.0
204,Quận Ngũ Hành Sơn,"NHÀ BIỆT THỰ, LIỀN KỀ",10,4.0,4.0,12.0
204,Quận Ngũ Hành Sơn,"NHÀ BIỆT THỰ, LIỀN KỀ",10,4.0,4.0,12.0
204,Quận Ngũ Hành Sơn,"NHÀ BIỆT THỰ, LIỀN KỀ",10,3.0,4.0,12.0
204,Quận Ngũ Hành Sơn,"NHÀ BIỆT THỰ, LIỀN KỀ",10,4.0,4.0,4.14
120,Quận Hải Châu,NHÀ MẶT PHỐ,6,4.0,4.0,11.5
204,Quận Ngũ Hành Sơn,"NHÀ BIỆT THỰ, LIỀN KỀ",10,5.0,5.0,20.3
204,Quận Ngũ Hành Sơn,"NHÀ BIỆT THỰ, LIỀN KỀ",10,4.0,4.0,14.0
200,Quận Hải Châu,"NHÀ BIỆT THỰ, LIỀN KỀ",10,4.0,4.0,22.0
204,Quận Ngũ Hành Sơn,"NHÀ BIỆT THỰ, LIỀN KỀ",10,4.0,4.0,12.2
204,Quận Ngũ Hành Sơn,"NHÀ BIỆT THỰ, LIỀN KỀ",10,4.0,5.0,12.8
204,Quận Ngũ Hành Sơn,"NHÀ BIỆT THỰ, LIỀN KỀ",10,4.0,4.0,11.38
100,Quận Ngũ Hành Sơn,"NHÀ BIỆT THỰ, LIỀN KỀ",5,5.5,7.0,17.0
204,Quận Sơn Trà,NHÀ ĐẤT THỔ CƯ,8,1.5,1.0,12.0
86,Quận Cẩm Lệ,NHÀ MẶT PHỐ,4,3.0,3.0,5.5
100,Quận Hải Châu,NHÀ ĐẤT THỔ CƯ,5,4.0,5.0,15.0
119,Quận Hải Châu,NHÀ MẶT PHỐ,4,4.0,4.0,18.0
200,Quận Ngũ Hành Sơn,NHÀ ĐẤT THỔ CƯ,10,4.0,3.0,0.2
142,Quận Ngũ Hành Sơn,"NHÀ BIỆT THỰ, LIỀN KỀ",8,3.0,2.0,7.05
105,Quận Sơn Trà,NHÀ MẶT PHỐ,5,5.5,7.0,18.5
125,Quận Ngũ Hành Sơn,NHÀ MẶT PHỐ,7,5.5,7.0,19.0
91,Quận Liên Chiểu,NHÀ ĐẤT THỔ CƯ,4,2.0,1.0,2.05
90,Quận Cẩm Lệ,NHÀ TRONG NGÕ,5,2.0,3.0,1.92
81,Quận Thanh Khê,NHÀ MẶT PHỐ,4,4.0,4.0,5.9
74,Quận Liên Chiểu,NHÀ ĐẤT THỔ CƯ,10,4.0,3.0,1.89
55,Quận Hải Châu,NHÀ MẶT PHỐ,5,4.0,4.0,4.7
52,Quận Cẩm Lệ,NHÀ ĐẤT THỔ CƯ,5,3.0,3.0,3.15
113,Quận Hải Châu,NHÀ MẶT PHỐ,9,4.0,3.0,11.3
98,Quận Cẩm Lệ,NHÀ MẶT PHỐ,5,3.0,3.0,5.5
50,Quận Hải Châu,NHÀ ĐẤT THỔ CƯ,6,4.0,3.0,4.2
98,Quận Ngũ Hành Sơn,NHÀ MẶT PHỐ,4,5.5,7.0,9.0
204,Quận Ngũ Hành Sơn,NHÀ MẶT PHỐ,5,3.0,3.0,7.5
99,Quận Ngũ Hành Sơn,CĂN HỘ CHUNG CƯ,9,3.0,3.0,7.0
105,Quận Thanh Khê,NHÀ MẶT PHỐ,6,3.0,3.0,5.6
88,Quận Ngũ Hành Sơn,CĂN HỘ CHUNG CƯ,8,3.0,3.0,5.0
204,Quận Ngũ Hành Sơn,"NHÀ BIỆT THỰ, LIỀN KỀ",10,5.0,5.0,19.0
81,Quận Thanh Khê,NHÀ ĐẤT THỔ CƯ,4,4.0,3.0,5.3
54,Quận Hải Châu,NHÀ TRONG NGÕ,4,3.0,3.0,4.39
56,Quận Hải Châu,NHÀ MẶT PHỐ,4,2.0,1.0,3.45
180,Quận Hải Châu,NHÀ MẶT PHỐ,6,3.0,2.0,5.0
83,Quận Ngũ Hành Sơn,CĂN HỘ CHUNG CƯ,9,3.0,3.0,5.0
63,Quận Hải Châu,NHÀ MẶT PHỐ,4,2.0,2.0,4.0
60,Quận Liên Chiểu,NHÀ ĐẤT THỔ CƯ,5,3.0,2.0,2.45
140,Quận Ngũ Hành Sơn,"NHÀ BIỆT THỰ, LIỀN KỀ",5,5.5,7.0,20.0
123,Quận Cẩm Lệ,NHÀ ĐẤT THỔ CƯ,5,4.0,4.0,5.0
59,Quận Hải Châu,NHÀ MẶT PHỐ,4,3.0,3.0,13.5
110,Quận Hải Châu,NHÀ MẶT PHỐ,6,3.0,3.0,9.1
90,Quận Thanh Khê,NHÀ TRONG NGÕ,5,2.0,2.0,2.9
140,Quận Hải Châu,CONDOTEL,6,5.0,5.0,7.0
88,Quận Hải Châu,NHÀ MẶT PHỐ,5,4.0,4.0,0.616
43,Quận Hải Châu,NHÀ TRONG NGÕ,5,2.0,2.0,2.0
65,Quận Thanh Khê,NHÀ TRONG NGÕ,5,3.0,3.0,4.0
101,Quận Sơn Trà,NHÀ ĐẤT THỔ CƯ,8,2.0,2.0,2.8
200,Quận Hải Châu,NHÀ MẶT PHỐ,6,4.0,5.0,4.4
99,Quận Ngũ Hành Sơn,"NHÀ BIỆT THỰ, LIỀN KỀ",9,3.0,3.0,7.0
50,Quận Hải Châu,NHÀ MẶT PHỐ,7,3.0,3.0,4.2
106,Quận Hải Châu,NHÀ MẶT PHỐ,7,2.0,1.0,4.0
90,Huyện Hòa Vang,NHÀ ĐẤT THỔ CƯ,5,3.0,3.0,3.55
83,Quận Ngũ Hành Sơn,"NHÀ BIỆT THỰ, LIỀN KỀ",9,3.0,3.0,7.0
50,Quận Ngũ Hành Sơn,"NHÀ BIỆT THỰ, LIỀN KỀ",7,2.0,2.0,3.0
90,Quận Liên Chiểu,NHÀ MẶT PHỐ,5,4.0,4.0,6.5
80,Quận Thanh Khê,NHÀ ĐẤT THỔ CƯ,5,3.0,3.0,3.45
170,Quận Thanh Khê,"NHÀ BIỆT THỰ, LIỀN KỀ",10,4.0,6.0,12.9
99,Quận Ngũ Hành Sơn,"NHÀ BIỆT THỰ, LIỀN KỀ",8,3.0,3.0,6.0
75,Quận Thanh Khê,NHÀ ĐẤT THỔ CƯ,5,3.0,2.0,2.75
90,Quận Cẩm Lệ,NHÀ ĐẤT THỔ CƯ,5,2.0,1.0,2.15
50,Quận Thanh Khê,NHÀ TRONG NGÕ,4,2.0,2.0,2.7
70,Quận Sơn Trà,CĂN HỘ CHUNG CƯ,10,2.0,2.0,6.0
80,Quận Liên Chiểu,NHÀ MẶT PHỐ,5,3.0,4.0,4.55
80,Quận Liên Chiểu,NHÀ MẶT PHỐ,4,3.0,2.0,25.0
86,Quận Sơn Trà,NHÀ MẶT PHỐ,5,2.0,2.0,6.9
100,Quận Cẩm Lệ,NHÀ MẶT PHỐ,5,4.0,3.0,4.45
80,Quận Cẩm Lệ,NHÀ MẶT PHỐ,5,4.0,3.0,4.3
69,Quận Ngũ Hành Sơn,"NHÀ BIỆT THỰ, LIỀN KỀ",8,3.0,3.0,5.0
82,Quận Ngũ Hành Sơn,CĂN HỘ CHUNG CƯ,10,2.0,2.0,3.64
75,Quận Thanh Khê,NHÀ ĐẤT THỔ CƯ,5,3.0,5.0,6.0
204,Quận Ngũ Hành Sơn,"NHÀ BIỆT THỰ, LIỀN KỀ",10,4.0,4.0,12.0
43,Quận Hải Châu,NHÀ TRONG NGÕ,5,3.0,2.0,2.75
98,Quận Hải Châu,NHÀ MẶT PHỐ,4,5.5,5.0,9.0
105,Quận Thanh Khê,NHÀ ĐẤT THỔ CƯ,5,4.0,4.0,6.45
90,Quận Cẩm Lệ,NHÀ MẶT PHỐ,5,3.0,2.0,3.9
60,Quận Liên Chiểu,NHÀ ĐẤT THỔ CƯ,5,3.0,3.0,2.35
204,Quận Ngũ Hành Sơn,"NHÀ BIỆT THỰ, LIỀN KỀ",10,3.0,4.0,14.0
55,Quận Cẩm Lệ,CĂN HỘ CHUNG CƯ,5,3.0,4.0,3.0
88,Quận Cẩm Lệ,NHÀ ĐẤT THỔ CƯ,5,3.0,2.0,3.0
100,Quận Sơn Trà,NHÀ MẶT PHỐ,5,3.0,2.0,0.65
61,Quận Hải Châu,NHÀ MẶT PHỐ,5,3.0,3.0,4.85
82,Quận Sơn Trà,NHÀ ĐẤT THỔ CƯ,5,1.5,1.0,2.55
98,Quận Ngũ Hành Sơn,NHÀ ĐẤT THỔ CƯ,5,1.5,1.0,1.17
88,Quận Thanh Khê,NHÀ MẶT PHỐ,2,3.0,3.0,5.5
25,Quận Sơn Trà,CĂN HỘ CHUNG CƯ,10,1.5,1.0,2.6
102,Quận Ngũ Hành Sơn,NHÀ MẶT PHỐ,5,3.0,3.0,5.3
99,Quận Ngũ Hành Sơn,"NHÀ BIỆT THỰ, LIỀN KỀ",7,3.0,3.0,6.0
100,Quận Thanh Khê,NHÀ MẶT PHỐ,5,4.0,5.0,14.3
204,Quận Cẩm Lệ,"NHÀ BIỆT THỰ, LIỀN KỀ",10,3.0,3.0,22.5
160,Quận Liên Chiểu,NHÀ MẶT PHỐ,5,3.0,2.0,6.8
150,Quận Liên Chiểu,NHÀ MẶT PHỐ,9,2.0,1.0,9.5
100,Quận Ngũ Hành Sơn,"NHÀ BIỆT THỰ, LIỀN KỀ",8,3.0,3.0,6.0
56,Quận Hải Châu,NHÀ TRONG NGÕ,4,2.0,2.0,5.2
135,Quận Hải Châu,NHÀ MẶT PHỐ,4,5.5,4.0,23.5
90,Quận Sơn Trà,NHÀ MẶT PHỐ,5,3.0,2.0,6.5
204,Quận Hải Châu,NHÀ MẶT PHỐ,10,3.0,1.0,0.145
142,Quận Cẩm Lệ,NHÀ MẶT PHỐ,5,3.0,3.0,6.8
101,Quận Liên Chiểu,NHÀ MẶT PHỐ,4,3.0,4.0,10.5
100,Quận Thanh Khê,NHÀ MẶT PHỐ,5,4.0,2.0,5.9
60,Quận Hải Châu,NHÀ MẶT PHỐ,4,3.0,2.0,9.0
148,Quận Sơn Trà,NHÀ MẶT PHỐ,5,4.0,3.0,18.0
200,Quận Cẩm Lệ,NHÀ MẶT PHỐ,10,2.0,1.0,7.2
180,Quận Hải Châu,"NHÀ BIỆT THỰ, LIỀN KỀ",8,5.5,5.0,18.5
150,Quận Hải Châu,NHÀ ĐẤT THỔ CƯ,6,3.0,3.0,3.19
100,Quận Sơn Trà,NHÀ MẶT PHỐ,5,3.0,3.0,5.6
159,Quận Ngũ Hành Sơn,"NHÀ BIỆT THỰ, LIỀN KỀ",6,5.5,7.0,8.5
120,Quận Ngũ Hành Sơn,NHÀ MẶT PHỐ,6,4.0,3.0,4.4
41,Quận Thanh Khê,NHÀ TRONG NGÕ,5,1.5,2.0,2.35
69,Quận Ngũ Hành Sơn,"NHÀ BIỆT THỰ, LIỀN KỀ",7,3.0,3.0,4.0
167,Quận Hải Châu,"NHÀ BIỆT THỰ, LIỀN KỀ",8,5.0,6.0,23.5
120,Quận Liên Chiểu,NHÀ MẶT PHỐ,5,5.5,7.0,15.0
69,Quận Ngũ Hành Sơn,"NHÀ BIỆT THỰ, LIỀN KỀ",8,3.0,3.0,4.0
99,Quận Ngũ Hành Sơn,"NHÀ BIỆT THỰ, LIỀN KỀ",7,3.0,3.0,10.0
204,Quận Hải Châu,"NHÀ BIỆT THỰ, LIỀN KỀ",6,3.0,4.0,17.55
147,Quận Thanh Khê,NHÀ TRONG NGÕ,8,5.5,2.0,5.0
99,Quận Ngũ Hành Sơn,"NHÀ BIỆT THỰ, LIỀN KỀ",9,3.0,3.0,6.0
57,Quận Thanh Khê,NHÀ TRONG NGÕ,5,3.0,3.0,4.0
176,Quận Liên Chiểu,NHÀ MẶT PHỐ,7,2.0,2.0,11.8
99,Quận Ngũ Hành Sơn,"NHÀ BIỆT THỰ, LIỀN KỀ",9,3.0,3.0,0.594
80,Quận Liên Chiểu,NHÀ ĐẤT THỔ CƯ,5,3.0,3.0,3.7
150,Huyện Hòa Vang,NHÀ ĐẤT THỔ CƯ,3,2.0,1.0,1.95
69,Quận Ngũ Hành Sơn,CĂN HỘ CHUNG CƯ,6,3.0,3.0,5.0
71,Quận Ngũ Hành Sơn,CĂN HỘ CHUNG CƯ,6,2.0,2.0,0.9
69,Quận Ngũ Hành Sơn,CĂN HỘ CHUNG CƯ,10,3.0,2.0,4.0
99,Quận Ngũ Hành Sơn,CĂN HỘ CHUNG CƯ,7,3.0,3.0,6.0
115,Quận Ngũ Hành Sơn,NHÀ ĐẤT THỔ CƯ,5,1.5,1.0,8.0
102,Quận Ngũ Hành Sơn,NHÀ ĐẤT THỔ CƯ,6,3.0,4.0,7.9
50,Quận Thanh Khê,NHÀ ĐẤT THỔ CƯ,5,3.0,2.0,2.85
140,Quận Hải Châu,NHÀ TRONG NGÕ,7,3.0,3.0,3.0
90,Quận Sơn Trà,NHÀ MẶT PHỐ,7,3.0,3.0,5.9
204,Quận Hải Châu,"NHÀ BIỆT THỰ, LIỀN KỀ",10,4.0,5.0,20.5
204,Quận Cẩm Lệ,NHÀ MẶT PHỐ,10,5.0,4.0,7.5
100,Quận Hải Châu,NHÀ MẶT PHỐ,7,3.0,3.0,9.8
78,Quận Ngũ Hành Sơn,NHÀ ĐẤT THỔ CƯ,5,5.0,4.0,4.6
55,Quận Hải Châu,NHÀ MẶT PHỐ,5,3.0,3.0,9.0
45,Quận Hải Châu,NHÀ MẶT PHỐ,8,5.0,5.0,10.3
99,Quận Thanh Khê,NHÀ MẶT PHỐ,4,4.0,2.0,7.45
88,Quận Thanh Khê,NHÀ MẶT PHỐ,4,3.0,3.0,11.5
161,Quận Thanh Khê,NHÀ MẶT PHỐ,5,4.0,3.0,16.5
204,Quận Hải Châu,"NHÀ BIỆT THỰ, LIỀN KỀ",10,5.0,5.0,18.0
129,Quận Thanh Khê,NHÀ MẶT PHỐ,6,4.0,5.0,12.5
195,Quận Hải Châu,NHÀ MẶT PHỐ,6,4.0,4.0,16.0
94,Quận Cẩm Lệ,NHÀ MẶT PHỐ,5,4.0,7.0,13.4
100,Quận Cẩm Lệ,NHÀ MẶT PHỐ,5,5.5,7.0,7.8
98,Quận Hải Châu,NHÀ TRONG NGÕ,7,4.0,4.0,3.3
63,Quận Hải Châu,NHÀ MẶT PHỐ,6,4.0,3.0,13.5
73,Quận Sơn Trà,NHÀ MẶT PHỐ,5,3.0,3.0,7.0
120,Quận Ngũ Hành Sơn,NHÀ MẶT PHỐ,6,2.0,1.0,3.1
90,Quận Ngũ Hành Sơn,NHÀ MẶT PHỐ,5,2.0,2.0,4.7
152,Quận Cẩm Lệ,NHÀ MẶT PHỐ,8,4.0,3.0,13.2
200,Quận Cẩm Lệ,NHÀ MẶT PHỐ,8,4.0,3.0,12.0
100,Quận Cẩm Lệ,NHÀ MẶT PHỐ,5,4.0,3.0,7.5
85,Quận Sơn Trà,NHÀ TRONG NGÕ,6,4.0,5.0,5.65
85,Quận Liên Chiểu,NHÀ MẶT PHỐ,5,3.0,3.0,3.15
94,Quận Hải Châu,NHÀ ĐẤT THỔ CƯ,5,4.0,4.0,13.8
87,Quận Sơn Trà,NHÀ MẶT PHỐ,5,3.0,3.0,5.5
90,Quận Liên Chiểu,NHÀ MẶT PHỐ,5,4.0,4.0,6.34
120,Quận Ngũ Hành Sơn,NHÀ MẶT PHỐ,5,3.0,3.0,4.0
100,Quận Ngũ Hành Sơn,NHÀ MẶT PHỐ,5,4.0,4.0,2.85
193,Quận Sơn Trà,NHÀ MẶT PHỐ,9,5.0,5.0,20.5
62,Quận Ngũ Hành Sơn,NHÀ MẶT PHỐ,5,3.0,3.0,4.6
80,Quận Hải Châu,NHÀ ĐẤT THỔ CƯ,4,3.0,4.0,4.4
69,Quận Ngũ Hành Sơn,NHÀ MẶT PHỐ,5,3.0,3.0,5.8
52,Quận Thanh Khê,NHÀ MẶT PHỐ,4,2.0,2.0,1.99
80,Quận Sơn Trà,NHÀ ĐẤT THỔ CƯ,5,4.0,4.0,6.5
61,Quận Thanh Khê,NHÀ MẶT PHỐ,5,2.0,2.0,1.9
56,Quận Hải Châu,NHÀ MẶT PHỐ,4,3.0,3.0,4.5
53,Quận Thanh Khê,NHÀ MẶT PHỐ,4,3.0,3.0,2.8
121,Quận Sơn Trà,NHÀ MẶT PHỐ,6,5.5,7.0,5.4
70,Quận Ngũ Hành Sơn,CĂN HỘ CHUNG CƯ,6,2.0,2.0,1.45
70,Quận Ngũ Hành Sơn,CĂN HỘ CHUNG CƯ,7,2.0,2.0,1.6
79,Quận Thanh Khê,NHÀ MẶT PHỐ,8,5.0,5.0,3.05
125,Quận Ngũ Hành Sơn,NHÀ MẶT PHỐ,6,2.0,1.0,3.03
51,Quận Thanh Khê,NHÀ MẶT PHỐ,4,3.0,2.0,3.1
135,Quận Ngũ Hành Sơn,NHÀ MẶT PHỐ,6,4.0,4.0,14.0
204,Quận Ngũ Hành Sơn,"NHÀ BIỆT THỰ, LIỀN KỀ",10,3.0,3.0,12.5
204,Quận Ngũ Hành Sơn,NHÀ MẶT PHỐ,7,5.0,4.0,16.0
90,Quận Sơn Trà,NHÀ MẶT PHỐ,4,2.0,2.0,3.7
109,Quận Cẩm Lệ,NHÀ MẶT PHỐ,5,1.5,1.0,3.3
73,Quận Hải Châu,NHÀ ĐẤT THỔ CƯ,5,3.0,3.0,5.2
98,Quận Liên Chiểu,NHÀ MẶT PHỐ,5,4.0,2.0,4.8
150,Huyện Hòa Vang,NHÀ ĐẤT THỔ CƯ,6,2.0,1.0,1.65
65,Quận Ngũ Hành Sơn,NHÀ MẶT PHỐ,5,3.0,3.0,4.6
60,Quận Thanh Khê,NHÀ ĐẤT THỔ CƯ,4,2.0,2.0,3.8
80,Quận Cẩm Lệ,NHÀ MẶT PHỐ,5,3.0,4.0,4.5
90,Quận Sơn Trà,NHÀ MẶT PHỐ,5,5.5,7.0,11.0
50,Quận Hải Châu,NHÀ TRONG NGÕ,4,3.0,4.0,4.2
204,Quận Ngũ Hành Sơn,NHÀ MẶT PHỐ,10,1.5,1.0,0.16
100,Quận Ngũ Hành Sơn,NHÀ MẶT PHỐ,5,3.0,1.0,2.85
50,Quận Hải Châu,NHÀ MẶT PHỐ,4,3.0,3.0,0.073
50,Quận Thanh Khê,CĂN HỘ CHUNG CƯ,5,3.0,4.0,3.0
100,Quận Cẩm Lệ,NHÀ MẶT PHỐ,5,3.0,2.0,4.7
116,Quận Sơn Trà,CĂN HỘ CHUNG CƯ,5,5.5,7.0,8.25
94,Quận Ngũ Hành Sơn,NHÀ MẶT PHỐ,5,3.0,3.0,6.2
70,Quận Hải Châu,NHÀ TRONG NGÕ,5,5.0,3.0,4.15
66,Quận Hải Châu,NHÀ ĐẤT THỔ CƯ,5,3.0,2.0,3.9
70,Quận Ngũ Hành Sơn,CĂN HỘ CHUNG CƯ,7,2.0,2.0,0.7
73,Quận Hải Châu,NHÀ ĐẤT THỔ CƯ,4,2.0,1.0,4.25
204,Quận Sơn Trà,NHÀ MẶT PHỐ,4,5.5,7.0,0.0048
70,Quận Ngũ Hành Sơn,CĂN HỘ CHUNG CƯ,2,2.0,2.0,1.6
183,Quận Thanh Khê,NHÀ MẶT PHỐ,4,3.0,4.0,3.55
115,Quận Ngũ Hành Sơn,NHÀ MẶT PHỐ,5,1.5,1.0,8.0
110,Quận Ngũ Hành Sơn,NHÀ MẶT PHỐ,5,2.0,1.0,2.6
105,Quận Liên Chiểu,NHÀ MẶT PHỐ,7,1.5,2.0,2.75
105,Quận Ngũ Hành Sơn,NHÀ MẶT PHỐ,5,3.0,2.0,3.8
55,Quận Hải Châu,NHÀ TRONG NGÕ,6,3.0,3.0,3.7
204,Quận Hải Châu,NHÀ TRONG NGÕ,10,4.0,4.0,10.4
50,Quận Hải Châu,NHÀ ĐẤT THỔ CƯ,4,3.0,4.0,3.2
59,Quận Hải Châu,NHÀ ĐẤT THỔ CƯ,5,3.0,4.0,5.4
60,Quận Thanh Khê,NHÀ TRONG NGÕ,5,4.0,3.0,3.95
71,Quận Ngũ Hành Sơn,CĂN HỘ CHUNG CƯ,6,2.0,1.0,1.6
50,Quận Thanh Khê,NHÀ ĐẤT THỔ CƯ,5,2.0,3.0,2.85
50,Quận Hải Châu,NHÀ TRONG NGÕ,6,4.0,3.0,3.5
100,Quận Cẩm Lệ,NHÀ ĐẤT THỔ CƯ,5,4.0,3.0,5.3
56,Quận Hải Châu,NHÀ MẶT PHỐ,4,3.0,3.0,3.2
63,Quận Hải Châu,NHÀ MẶT PHỐ,10,5.5,7.0,9.5
83,Quận Hải Châu,NHÀ ĐẤT THỔ CƯ,5,3.0,3.0,6.5
85,Quận Thanh Khê,NHÀ TRONG NGÕ,3,3.0,3.0,4.05
204,Quận Ngũ Hành Sơn,"NHÀ BIỆT THỰ, LIỀN KỀ",10,4.0,4.0,11.73
150,Quận Liên Chiểu,NHÀ ĐẤT THỔ CƯ,5,3.0,4.0,4.8
130,Quận Cẩm Lệ,NHÀ TRONG NGÕ,6,2.0,1.0,2.5
204,Quận Ngũ Hành Sơn,"NHÀ BIỆT THỰ, LIỀN KỀ",10,4.0,4.0,12.2
204,Quận Sơn Trà,"NHÀ BIỆT THỰ, LIỀN KỀ",10,4.0,4.0,4.07
120,Quận Liên Chiểu,NHÀ ĐẤT THỔ CƯ,2,1.5,2.0,4.68
118,Huyện Hòa Vang,NHÀ MẶT PHỐ,5,3.0,2.0,2.75
55,Quận Thanh Khê,NHÀ MẶT PHỐ,5,3.0,3.0,6.2
176,Quận Hải Châu,NHÀ MẶT PHỐ,6,3.0,3.0,3.56
55,Quận Sơn Trà,NHÀ MẶT PHỐ,5,2.0,3.0,3.2
123,Quận Sơn Trà,NHÀ MẶT PHỐ,5,3.0,3.0,11.5
90,Quận Ngũ Hành Sơn,NHÀ MẶT PHỐ,5,4.0,4.0,11.9
75,Quận Thanh Khê,NHÀ MẶT PHỐ,5,3.0,3.0,10.5
73,Quận Thanh Khê,NHÀ MẶT PHỐ,4,3.0,3.0,7.0
63,Quận Thanh Khê,NHÀ MẶT PHỐ,5,4.0,4.0,4.15
88,Quận Cẩm Lệ,NHÀ MẶT PHỐ,5,3.0,3.0,3.6
85,Quận Liên Chiểu,NHÀ MẶT PHỐ,5,3.0,3.0,3.45
56,Quận Thanh Khê,NHÀ TRONG NGÕ,5,4.0,4.0,4.1
44,Quận Thanh Khê,NHÀ ĐẤT THỔ CƯ,6,4.0,4.0,3.5
70,Quận Ngũ Hành Sơn,CĂN HỘ CHUNG CƯ,7,2.0,2.0,1.7
120,Quận Hải Châu,"NHÀ BIỆT THỰ, LIỀN KỀ",6,3.0,3.0,12.0
150,Quận Hải Châu,NHÀ MẶT PHỐ,6,5.5,7.0,11.5
72,Quận Hải Châu,NHÀ TRONG NGÕ,4,3.0,3.0,3.5
40,Quận Hải Châu,NHÀ TRONG NGÕ,7,3.0,3.0,3.5
72,Quận Hải Châu,NHÀ MẶT PHỐ,4,2.0,2.0,3.4
71,Quận Ngũ Hành Sơn,CĂN HỘ CHUNG CƯ,10,2.0,2.0,0.5
78,Quận Hải Châu,NHÀ TRONG NGÕ,7,3.0,4.0,8.5
71,Quận Ngũ Hành Sơn,CĂN HỘ CHUNG CƯ,10,2.0,2.0,0.57
71,Quận Ngũ Hành Sơn,CĂN HỘ CHUNG CƯ,10,2.0,2.0,0.56
204,Quận Ngũ Hành Sơn,"NHÀ BIỆT THỰ, LIỀN KỀ",10,4.0,4.0,21.0
120,Quận Hải Châu,NHÀ MẶT PHỐ,6,4.0,4.0,11.0
50,Quận Hải Châu,NHÀ ĐẤT THỔ CƯ,4,3.0,2.0,2.65
204,Quận Ngũ Hành Sơn,"NHÀ BIỆT THỰ, LIỀN KỀ",10,1.5,1.0,18.5
204,Quận Sơn Trà,"NHÀ BIỆT THỰ, LIỀN KỀ",10,4.0,4.0,14.0
105,Quận Liên Chiểu,NHÀ MẶT PHỐ,5,1.5,2.0,2.7
81,Quận Hải Châu,NHÀ MẶT PHỐ,4,4.0,5.0,5.8
120,Quận Liên Chiểu,NHÀ ĐẤT THỔ CƯ,5,1.5,1.0,1.0
204,Quận Ngũ Hành Sơn,"NHÀ BIỆT THỰ, LIỀN KỀ",10,3.0,3.0,4.25
95,Quận Cẩm Lệ,NHÀ MẶT PHỐ,4,2.0,3.0,2.9
120,Quận Hải Châu,"NHÀ BIỆT THỰ, LIỀN KỀ",6,4.0,4.0,11.5
120,Quận Hải Châu,NHÀ MẶT PHỐ,6,5.0,5.0,12.3
110,Quận Thanh Khê,NHÀ MẶT PHỐ,5,1.5,1.0,1.39
98,Quận Ngũ Hành Sơn,CĂN HỘ CHUNG CƯ,6,3.0,3.0,2.4
204,Quận Cẩm Lệ,NHÀ MẶT PHỐ,5,4.0,4.0,8.0
150,Huyện Hòa Vang,NHÀ ĐẤT THỔ CƯ,5,2.0,1.0,2.0
204,Quận Cẩm Lệ,"NHÀ BIỆT THỰ, LIỀN KỀ",10,1.5,1.0,2.9
70,Quận Hải Châu,NHÀ TRONG NGÕ,6,3.0,3.0,2.2
204,Quận Ngũ Hành Sơn,"NHÀ BIỆT THỰ, LIỀN KỀ",10,4.0,4.0,12.5
50,Quận Hải Châu,NHÀ ĐẤT THỔ CƯ,4,3.0,2.0,1.75
50,Quận Hải Châu,NHÀ ĐẤT THỔ CƯ,5,3.0,2.0,1.75
83,Quận Sơn Trà,NHÀ TRONG NGÕ,5,3.0,2.0,4.15
50,Quận Ngũ Hành Sơn,NHÀ TRONG NGÕ,5,2.0,1.0,2.4
53,Quận Thanh Khê,NHÀ TRONG NGÕ,4,3.0,3.0,3.65
74,Quận Liên Chiểu,NHÀ TRONG NGÕ,5,2.0,1.0,1.62
96,Quận Cẩm Lệ,NHÀ ĐẤT THỔ CƯ,5,2.0,2.0,3.0
100,Quận Liên Chiểu,NHÀ MẶT PHỐ,5,5.0,6.0,3.63
125,Quận Liên Chiểu,"NHÀ BIỆT THỰ, LIỀN KỀ",5,5.5,3.0,5.15
70,Quận Ngũ Hành Sơn,CĂN HỘ CHUNG CƯ,7,2.0,2.0,1.86
120,Quận Cẩm Lệ,NHÀ MẶT PHỐ,5,3.0,3.0,6.0
96,Quận Cẩm Lệ,NHÀ MẶT PHỐ,5,3.0,3.0,4.95
92,Quận Hải Châu,NHÀ MẶT PHỐ,5,3.0,3.0,6.22
56,Quận Ngũ Hành Sơn,NHÀ ĐẤT THỔ CƯ,6,2.0,1.0,1.9
100,Quận Liên Chiểu,"NHÀ BIỆT THỰ, LIỀN KỀ",5,3.0,3.0,3.6
61,Quận Thanh Khê,NHÀ TRONG NGÕ,3,2.0,4.0,2.8
90,Quận Ngũ Hành Sơn,NHÀ ĐẤT THỔ CƯ,5,4.0,3.0,6.35
100,Quận Ngũ Hành Sơn,NHÀ ĐẤT THỔ CƯ,5,4.0,3.0,6.35
68,Quận Hải Châu,NHÀ TRONG NGÕ,4,3.0,2.0,3.2
56,Quận Ngũ Hành Sơn,NHÀ TRONG NGÕ,6,2.0,1.0,1.9
63,Quận Thanh Khê,NHÀ MẶT PHỐ,5,3.0,4.0,4.2
76,Quận Liên Chiểu,NHÀ MẶT PHỐ,4,4.0,4.0,4.85
204,Quận Cẩm Lệ,"NHÀ BIỆT THỰ, LIỀN KỀ",10,5.5,7.0,24.5
52,Quận Hải Châu,"NHÀ BIỆT THỰ, LIỀN KỀ",5,3.0,3.0,3.95
50,Quận Hải Châu,NHÀ ĐẤT THỔ CƯ,6,3.0,3.0,4.95
115,Quận Ngũ Hành Sơn,NHÀ MẶT PHỐ,5,5.5,7.0,13.0
56,Quận Hải Châu,NHÀ TRONG NGÕ,4,2.0,2.0,2.6
81,Quận Ngũ Hành Sơn,NHÀ MẶT PHỐ,4,5.0,4.0,5.7
96,Quận Cẩm Lệ,NHÀ MẶT PHỐ,5,3.0,3.0,4.8
47,Quận Thanh Khê,NHÀ TRONG NGÕ,4,2.0,2.0,2.27
75,Quận Hải Châu,NHÀ MẶT PHỐ,4,4.0,2.0,4.55
78,Quận Thanh Khê,NHÀ MẶT PHỐ,6,3.0,3.0,4.5
173,Quận Sơn Trà,NHÀ MẶT PHỐ,10,4.0,4.0,11.0
85,Quận Hải Châu,NHÀ MẶT PHỐ,5,3.0,2.0,7.2
82,Quận Hải Châu,NHÀ MẶT PHỐ,4,3.0,3.0,4.3
60,Quận Hải Châu,NHÀ TRONG NGÕ,4,3.0,3.0,3.4
160,Quận Cẩm Lệ,NHÀ MẶT PHỐ,5,5.5,6.0,8.9
85,Quận Hải Châu,NHÀ TRONG NGÕ,4,3.0,3.0,4.05
33,Quận Hải Châu,NHÀ TRONG NGÕ,3,2.0,2.0,2.07
204,Quận Hải Châu,"NHÀ BIỆT THỰ, LIỀN KỀ",10,4.0,5.0,21.0
99,Quận Sơn Trà,NHÀ MẶT PHỐ,4,3.0,2.0,10.5
90,Quận Thanh Khê,CĂN HỘ CHUNG CƯ,5,5.5,7.0,7.8
70,Quận Hải Châu,NHÀ TRONG NGÕ,5,3.0,2.0,3.4
100,Quận Thanh Khê,NHÀ MẶT PHỐ,5,3.0,3.0,10.0
73,Quận Hải Châu,NHÀ MẶT PHỐ,5,3.0,4.0,7.3
204,Quận Thanh Khê,NHÀ MẶT PHỐ,8,5.0,5.0,25.0
131,Quận Sơn Trà,NHÀ MẶT PHỐ,5,3.0,3.0,13.0
155,Quận Thanh Khê,NHÀ MẶT PHỐ,9,5.5,6.0,15.0
204,Quận Sơn Trà,"NHÀ BIỆT THỰ, LIỀN KỀ",10,3.0,4.0,12.9
204,Quận Hải Châu,"NHÀ BIỆT THỰ, LIỀN KỀ",10,5.0,3.0,19.0
200,Quận Ngũ Hành Sơn,"NHÀ BIỆT THỰ, LIỀN KỀ",10,5.5,3.0,12.0
50,Quận Ngũ Hành Sơn,CĂN HỘ CHUNG CƯ,7,3.0,3.0,1.4
100,Quận Cẩm Lệ,NHÀ MẶT PHỐ,5,2.0,3.0,4.6
108,Quận Cẩm Lệ,NHÀ MẶT PHỐ,5,3.0,1.0,0.5832
107,Quận Cẩm Lệ,NHÀ MẶT PHỐ,5,3.0,1.0,0.5885
204,Quận Ngũ Hành Sơn,"NHÀ BIỆT THỰ, LIỀN KỀ",10,5.0,3.0,13.0
204,Quận Ngũ Hành Sơn,NHÀ ĐẤT THỔ CƯ,10,3.0,3.0,21.0
106,Quận Ngũ Hành Sơn,NHÀ ĐẤT THỔ CƯ,5,3.0,3.0,5.5
28,Quận Ngũ Hành Sơn,CĂN HỘ CHUNG CƯ,5,1.5,1.0,0.04528
28,Quận Ngũ Hành Sơn,CĂN HỘ CHUNG CƯ,5,1.5,1.0,1.6
204,Quận Ngũ Hành Sơn,"NHÀ BIỆT THỰ, LIỀN KỀ",10,3.0,3.0,15.0
41,Quận Thanh Khê,NHÀ TRONG NGÕ,5,3.0,2.0,2.32
175,Quận Sơn Trà,NHÀ MẶT PHỐ,8,3.0,3.0,6.25
204,Quận Ngũ Hành Sơn,"NHÀ BIỆT THỰ, LIỀN KỀ",10,3.0,3.0,21.0
204,Quận Ngũ Hành Sơn,"NHÀ BIỆT THỰ, LIỀN KỀ",10,3.0,3.0,14.65
204,Quận Ngũ Hành Sơn,"NHÀ BIỆT THỰ, LIỀN KỀ",10,3.0,3.0,12.3
95,Quận Ngũ Hành Sơn,CĂN HỘ CHUNG CƯ,5,5.5,3.0,8.5
204,Quận Hải Châu,NHÀ MẶT PHỐ,6,5.0,5.0,1.49
80,Quận Thanh Khê,NHÀ TRONG NGÕ,9,5.5,7.0,5.0
85,Quận Ngũ Hành Sơn,NHÀ ĐẤT THỔ CƯ,7,3.0,3.0,4.9
120,Quận Hải Châu,NHÀ MẶT PHỐ,6,3.0,3.0,13.5
204,Quận Ngũ Hành Sơn,"NHÀ BIỆT THỰ, LIỀN KỀ",10,5.0,5.0,2.4
68,Quận Hải Châu,NHÀ TRONG NGÕ,4,5.0,5.0,4.2
28,Quận Sơn Trà,CĂN HỘ CHUNG CƯ,10,1.5,2.0,1.19
60,Quận Thanh Khê,NHÀ TRONG NGÕ,4,2.0,3.0,3.55
204,Quận Ngũ Hành Sơn,"NHÀ BIỆT THỰ, LIỀN KỀ",10,3.0,3.0,13.0
204,Quận Ngũ Hành Sơn,"NHÀ BIỆT THỰ, LIỀN KỀ",10,5.0,5.0,24.0
204,Quận Ngũ Hành Sơn,"NHÀ BIỆT THỰ, LIỀN KỀ",10,5.0,3.0,21.0
120,Quận Hải Châu,"NHÀ BIỆT THỰ, LIỀN KỀ",6,4.0,4.0,13.6
204,Quận Hải Châu,"NHÀ BIỆT THỰ, LIỀN KỀ",6,4.0,4.0,13.6
204,Quận Cẩm Lệ,NHÀ MẶT PHỐ,5,3.0,3.0,4.0
85,Quận Ngũ Hành Sơn,NHÀ TRONG NGÕ,7,3.0,3.0,4.9
125,Quận Thanh Khê,NHÀ MẶT PHỐ,5,5.5,7.0,16.0
201,Quận Liên Chiểu,NHÀ MẶT PHỐ,7,5.5,7.0,11.5
147,Quận Liên Chiểu,NHÀ MẶT PHỐ,5,5.5,6.0,3.7
120,Quận Liên Chiểu,NHÀ MẶT PHỐ,5,5.0,5.0,2.5
34,Quận Thanh Khê,NHÀ TRONG NGÕ,3,2.0,2.0,1.65
90,Quận Cẩm Lệ,NHÀ MẶT PHỐ,5,4.0,3.0,5.85
69,Quận Ngũ Hành Sơn,CĂN HỘ CHUNG CƯ,7,2.0,2.0,1.7
204,Quận Ngũ Hành Sơn,CĂN HỘ CHUNG CƯ,10,5.0,5.0,13.0
74,Quận Cẩm Lệ,NHÀ MẶT PHỐ,5,5.0,4.0,5.7
175,Quận Liên Chiểu,NHÀ MẶT PHỐ,7,3.0,7.0,2.5
136,Quận Liên Chiểu,NHÀ MẶT PHỐ,5,3.0,2.0,2.5
204,Quận Ngũ Hành Sơn,"NHÀ BIỆT THỰ, LIỀN KỀ",5,5.0,5.0,3.8
80,Quận Cẩm Lệ,NHÀ MẶT PHỐ,5,4.0,4.0,3.4
90,Quận Cẩm Lệ,NHÀ MẶT PHỐ,5,4.0,4.0,4.0
80,Quận Cẩm Lệ,NHÀ MẶT PHỐ,5,3.0,3.0,4.0
75,Quận Ngũ Hành Sơn,CĂN HỘ CHUNG CƯ,7,2.0,2.0,1.55
204,Quận Ngũ Hành Sơn,"NHÀ BIỆT THỰ, LIỀN KỀ",10,4.0,5.0,23.0
100,Quận Liên Chiểu,NHÀ MẶT PHỐ,5,2.0,2.0,2.5
73,Quận Ngũ Hành Sơn,CĂN HỘ CHUNG CƯ,10,2.0,1.0,2.0
204,Quận Ngũ Hành Sơn,"NHÀ BIỆT THỰ, LIỀN KỀ",10,4.0,4.0,23.0
187,Quận Liên Chiểu,"NHÀ BIỆT THỰ, LIỀN KỀ",7,3.0,3.0,7.5
110,Quận Cẩm Lệ,NHÀ MẶT PHỐ,5,3.0,3.0,4.5
77,Quận Sơn Trà,"NHÀ BIỆT THỰ, LIỀN KỀ",5,5.5,3.0,11.0
80,Quận Cẩm Lệ,NHÀ TRONG NGÕ,4,2.0,2.0,1.8
73,Quận Ngũ Hành Sơn,CĂN HỘ CHUNG CƯ,6,3.0,3.0,1.5
160,Quận Ngũ Hành Sơn,CĂN HỘ CHUNG CƯ,6,3.0,3.0,1.5
103,Huyện Hòa Vang,NHÀ ĐẤT THỔ CƯ,10,2.0,1.0,1.45
204,Quận Ngũ Hành Sơn,"NHÀ BIỆT THỰ, LIỀN KỀ",10,3.0,3.0,12.3
204,Quận Ngũ Hành Sơn,"NHÀ BIỆT THỰ, LIỀN KỀ",10,3.0,3.0,21.0
204,Quận Hải Châu,NHÀ MẶT PHỐ,6,5.5,5.0,13.9
204,Quận Hải Châu,NHÀ MẶT PHỐ,6,5.0,5.0,14.0
60,Quận Hải Châu,NHÀ MẶT PHỐ,4,2.0,1.0,3.9
58,Quận Hải Châu,NHÀ ĐẤT THỔ CƯ,6,3.0,4.0,4.8
93,Quận Liên Chiểu,NHÀ ĐẤT THỔ CƯ,5,3.0,4.0,5.35
204,Huyện Hòa Vang,NHÀ MẶT PHỐ,5,3.0,4.0,9.51
204,Quận Ngũ Hành Sơn,"NHÀ BIỆT THỰ, LIỀN KỀ",10,3.0,3.0,11.9
55,Quận Thanh Khê,NHÀ TRONG NGÕ,5,4.0,3.0,2.0
204,Quận Ngũ Hành Sơn,"NHÀ BIỆT THỰ, LIỀN KỀ",10,3.0,3.0,12.0
83,Quận Ngũ Hành Sơn,CĂN HỘ CHUNG CƯ,10,2.0,2.0,3.7
82,Quận Ngũ Hành Sơn,CĂN HỘ CHUNG CƯ,10,2.0,2.0,3.7
68,Quận Ngũ Hành Sơn,CĂN HỘ CHUNG CƯ,8,3.0,3.0,1.8
52,Quận Ngũ Hành Sơn,NHÀ MẶT PHỐ,5,3.0,3.0,7.5
60,Quận Ngũ Hành Sơn,CĂN HỘ CHUNG CƯ,10,2.0,2.0,5.0
116,Quận Liên Chiểu,NHÀ MẶT PHỐ,10,4.0,3.0,11.5
100,Quận Sơn Trà,"NHÀ BIỆT THỰ, LIỀN KỀ",6,4.0,3.0,11.0
100,Quận Sơn Trà,"NHÀ BIỆT THỰ, LIỀN KỀ",5,3.0,3.0,7.8
55,Quận Hải Châu,NHÀ MẶT PHỐ,4,3.0,4.0,10.9
100,Quận Hải Châu,NHÀ MẶT PHỐ,10,5.0,4.0,12.9
83,Quận Hải Châu,NHÀ MẶT PHỐ,5,3.0,3.0,14.5
85,Quận Hải Châu,NHÀ MẶT PHỐ,5,4.0,3.0,14.7
81,Quận Hải Châu,NHÀ MẶT PHỐ,4,4.0,3.0,7.3
99,Quận Hải Châu,NHÀ MẶT PHỐ,5,5.0,4.0,0.9
100,Quận Cẩm Lệ,NHÀ MẶT PHỐ,7,4.0,4.0,7.9
140,Quận Liên Chiểu,NHÀ MẶT PHỐ,7,5.0,4.0,8.2
85,Quận Thanh Khê,NHÀ MẶT PHỐ,5,4.0,4.0,8.2
127,Quận Cẩm Lệ,NHÀ MẶT PHỐ,5,5.0,4.0,9.5
44,Quận Hải Châu,NHÀ MẶT PHỐ,4,3.0,3.0,7.9
120,Quận Cẩm Lệ,NHÀ MẶT PHỐ,5,3.0,2.0,7.1
125,Quận Hải Châu,NHÀ ĐẤT THỔ CƯ,5,3.0,2.0,7.75
103,Quận Thanh Khê,NHÀ MẶT PHỐ,5,3.0,3.0,8.5
113,Quận Hải Châu,NHÀ MẶT PHỐ,5,4.0,5.0,1.12
79,Quận Sơn Trà,NHÀ MẶT PHỐ,5,3.0,3.0,8.2
76,Quận Hải Châu,NHÀ MẶT PHỐ,5,2.0,2.0,9.9
105,Quận Sơn Trà,NHÀ MẶT PHỐ,5,5.5,7.0,23.8
127,Quận Sơn Trà,NHÀ MẶT PHỐ,7,5.5,6.0,2.1
105,Quận Hải Châu,NHÀ MẶT PHỐ,7,5.0,7.0,8.4
41,Quận Hải Châu,"NHÀ BIỆT THỰ, LIỀN KỀ",4,3.0,3.0,8.8
100,Quận Thanh Khê,NHÀ MẶT PHỐ,4,3.0,3.0,9.0
77,Quận Sơn Trà,NHÀ MẶT PHỐ,4,4.0,4.0,8.2
83,Quận Hải Châu,NHÀ ĐẤT THỔ CƯ,5,4.0,4.0,8.8
131,Quận Cẩm Lệ,NHÀ MẶT PHỐ,7,5.0,3.0,9.7
75,Quận Thanh Khê,"NHÀ BIỆT THỰ, LIỀN KỀ",5,4.0,4.0,9.9
126,Quận Hải Châu,NHÀ MẶT PHỐ,5,4.0,4.0,1.0
90,Quận Hải Châu,NHÀ MẶT PHỐ,5,4.0,4.0,7.3
75,Quận Cẩm Lệ,NHÀ MẶT PHỐ,4,3.0,2.0,4.95
70,Quận Hải Châu,NHÀ MẶT PHỐ,5,4.0,4.0,0.7
60,Quận Ngũ Hành Sơn,NHÀ MẶT PHỐ,5,5.5,7.0,8.8
145,Quận Liên Chiểu,NHÀ MẶT PHỐ,5,5.0,5.0,0.92
95,Quận Sơn Trà,NHÀ MẶT PHỐ,4,4.0,3.0,5.7
150,Quận Sơn Trà,"NHÀ BIỆT THỰ, LIỀN KỀ",10,1.5,1.0,7.5
85,Quận Cẩm Lệ,NHÀ ĐẤT THỔ CƯ,5,5.0,4.0,7.7
77,Quận Sơn Trà,NHÀ MẶT PHỐ,5,5.0,4.0,8.2
64,Quận Thanh Khê,NHÀ MẶT PHỐ,5,4.0,3.0,7.8
90,Quận Sơn Trà,NHÀ MẶT PHỐ,5,4.0,3.0,7.85
150,Quận Sơn Trà,NHÀ MẶT PHỐ,10,1.5,1.0,7.9
162,Quận Hải Châu,NHÀ MẶT PHỐ,8,3.0,2.0,7.3
41,Quận Hải Châu,NHÀ MẶT PHỐ,4,3.0,3.0,7.5
204,Huyện Hòa Vang,NHÀ MẶT PHỐ,10,4.0,3.0,8.7
75,Quận Sơn Trà,NHÀ MẶT PHỐ,5,3.0,2.0,8.2
133,Quận Cẩm Lệ,NHÀ MẶT PHỐ,7,5.0,4.0,12.3
118,Quận Hải Châu,NHÀ MẶT PHỐ,8,5.0,5.0,17.6
60,Quận Ngũ Hành Sơn,NHÀ MẶT PHỐ,5,4.0,4.0,0.636
90,Quận Thanh Khê,"NHÀ BIỆT THỰ, LIỀN KỀ",5,5.5,7.0,14.2
204,Quận Ngũ Hành Sơn,"NHÀ BIỆT THỰ, LIỀN KỀ",10,3.0,3.0,12.5
75,Quận Ngũ Hành Sơn,CĂN HỘ CHUNG CƯ,7,2.0,2.0,1.6
204,Quận Hải Châu,NHÀ ĐẤT THỔ CƯ,3,2.0,2.0,9.2
69,Quận Ngũ Hành Sơn,CĂN HỘ CHUNG CƯ,8,3.0,3.0,1.62
78,Quận Sơn Trà,NHÀ MẶT PHỐ,5,2.0,2.0,6.0
88,Quận Ngũ Hành Sơn,CĂN HỘ CHUNG CƯ,7,3.0,2.0,0.1672
50,Quận Ngũ Hành Sơn,CĂN HỘ CHUNG CƯ,10,2.0,1.0,0.45
100,Quận Ngũ Hành Sơn,NHÀ MẶT PHỐ,5,4.0,3.0,7.0
204,Quận Ngũ Hành Sơn,NHÀ MẶT PHỐ,5,3.0,3.0,7.0
70,Quận Liên Chiểu,NHÀ ĐẤT THỔ CƯ,5,3.0,2.0,2.5
100,Quận Ngũ Hành Sơn,NHÀ MẶT PHỐ,5,3.0,2.0,2.8
57,Quận Hải Châu,NHÀ ĐẤT THỔ CƯ,5,3.0,2.0,3.7
52,Quận Thanh Khê,NHÀ ĐẤT THỔ CƯ,5,3.0,2.0,3.3
55,Quận Thanh Khê,NHÀ ĐẤT THỔ CƯ,10,2.0,2.0,3.2
90,Quận Thanh Khê,NHÀ TRONG NGÕ,2,5.5,5.0,3.9
70,Quận Hải Châu,NHÀ TRONG NGÕ,4,3.0,2.0,3.1
90,Quận Thanh Khê,NHÀ ĐẤT THỔ CƯ,6,5.5,5.0,4.0
60,Quận Thanh Khê,NHÀ MẶT PHỐ,4,2.0,2.0,6.0
128,Quận Hải Châu,NHÀ MẶT PHỐ,5,3.0,3.0,19.0
100,Quận Cẩm Lệ,NHÀ MẶT PHỐ,5,3.0,3.0,3.0
75,Quận Cẩm Lệ,NHÀ MẶT PHỐ,5,2.0,3.0,2.9
204,Quận Ngũ Hành Sơn,"NHÀ BIỆT THỰ, LIỀN KỀ",10,4.0,4.0,12.0
204,Quận Ngũ Hành Sơn,"NHÀ BIỆT THỰ, LIỀN KỀ",10,4.0,4.0,12.0
74,Quận Cẩm Lệ,NHÀ ĐẤT THỔ CƯ,5,5.0,4.0,5.9
60,Quận Hải Châu,NHÀ ĐẤT THỔ CƯ,5,3.0,3.0,3.4
45,Quận Cẩm Lệ,NHÀ ĐẤT THỔ CƯ,4,3.0,3.0,4.82
72,Quận Ngũ Hành Sơn,CĂN HỘ CHUNG CƯ,2,1.5,2.0,1.5
72,Quận Ngũ Hành Sơn,CĂN HỘ CHUNG CƯ,6,2.0,2.0,1.4
120,Quận Hải Châu,"NHÀ BIỆT THỰ, LIỀN KỀ",6,4.0,3.0,14.9
204,Quận Ngũ Hành Sơn,"NHÀ BIỆT THỰ, LIỀN KỀ",10,3.0,3.0,12.0
204,Quận Hải Châu,NHÀ MẶT PHỐ,6,5.5,6.0,13.5
120,Quận Hải Châu,NHÀ MẶT PHỐ,4,5.5,6.0,13.5
72,Quận Ngũ Hành Sơn,CĂN HỘ CHUNG CƯ,7,2.0,2.0,1.6
114,Quận Ngũ Hành Sơn,NHÀ MẶT PHỐ,6,4.0,4.0,25.0
70,Quận Ngũ Hành Sơn,CĂN HỘ CHUNG CƯ,7,2.0,2.0,1.55
204,Quận Cẩm Lệ,"NHÀ BIỆT THỰ, LIỀN KỀ",10,3.0,3.0,15.4
69,Quận Ngũ Hành Sơn,CĂN HỘ CHUNG CƯ,7,2.0,2.0,1.5
204,Quận Ngũ Hành Sơn,"NHÀ BIỆT THỰ, LIỀN KỀ",10,4.0,4.0,12.0
204,Quận Hải Châu,NHÀ MẶT PHỐ,6,5.0,5.0,1.97
70,Quận Ngũ Hành Sơn,CĂN HỘ CHUNG CƯ,7,2.0,2.0,1.5
66,Quận Hải Châu,NHÀ TRONG NGÕ,6,2.0,3.0,3.0
80,Quận Hải Châu,NHÀ TRONG NGÕ,4,3.0,2.0,4.6
50,Quận Hải Châu,NHÀ TRONG NGÕ,6,3.0,2.0,2.69
54,Quận Thanh Khê,NHÀ TRONG NGÕ,4,3.0,2.0,3.45
100,Quận Hải Châu,NHÀ TRONG NGÕ,6,4.0,4.0,3.0
50,Quận Hải Châu,NHÀ TRONG NGÕ,5,3.0,2.0,3.05
50,Quận Hải Châu,NHÀ ĐẤT THỔ CƯ,5,3.0,2.0,3.05
75,Quận Ngũ Hành Sơn,CĂN HỘ CHUNG CƯ,6,2.0,2.0,1.65
75,Quận Ngũ Hành Sơn,CĂN HỘ CHUNG CƯ,7,2.0,2.0,1.7
150,Quận Sơn Trà,"NHÀ BIỆT THỰ, LIỀN KỀ",7,4.0,4.0,0.016
78,Quận Ngũ Hành Sơn,CĂN HỘ CHUNG CƯ,2,2.0,2.0,1.8
70,Quận Ngũ Hành Sơn,CĂN HỘ CHUNG CƯ,10,2.0,2.0,1.6
70,Quận Ngũ Hành Sơn,CĂN HỘ CHUNG CƯ,7,3.0,3.0,1.6
54,Quận Thanh Khê,NHÀ TRONG NGÕ,4,3.0,2.0,2.38
204,Quận Ngũ Hành Sơn,"NHÀ BIỆT THỰ, LIỀN KỀ",10,4.0,4.0,5.12
72,Quận Ngũ Hành Sơn,CĂN HỘ CHUNG CƯ,7,2.0,2.0,1.65
75,Quận Cẩm Lệ,NHÀ MẶT PHỐ,4,3.0,3.0,3.3
144,Quận Ngũ Hành Sơn,NHÀ MẶT PHỐ,5,1.5,1.0,4.5
60,Quận Ngũ Hành Sơn,CĂN HỘ CHUNG CƯ,5,2.0,2.0,5.5
204,Quận Cẩm Lệ,NHÀ MẶT PHỐ,10,3.0,3.0,5.2
69,Quận Ngũ Hành Sơn,CĂN HỘ CHUNG CƯ,7,3.0,3.0,1.55
78,Quận Ngũ Hành Sơn,CĂN HỘ CHUNG CƯ,2,2.0,2.0,1.8
72,Quận Ngũ Hành Sơn,CĂN HỘ CHUNG CƯ,7,3.0,3.0,1.5
71,Quận Ngũ Hành Sơn,CĂN HỘ CHUNG CƯ,10,2.0,2.0,1.5
70,Quận Ngũ Hành Sơn,CĂN HỘ CHUNG CƯ,7,3.0,3.0,1.5
204,Quận Ngũ Hành Sơn,"NHÀ BIỆT THỰ, LIỀN KỀ",10,3.0,3.0,23.0
45,Quận Thanh Khê,NHÀ ĐẤT THỔ CƯ,4,5.0,4.0,0.13725
62,Quận Sơn Trà,NHÀ TRONG NGÕ,10,3.0,2.0,3.2
54,Quận Sơn Trà,NHÀ ĐẤT THỔ CƯ,4,3.0,3.0,5.6
42,Quận Thanh Khê,NHÀ ĐẤT THỔ CƯ,4,3.0,3.0,0.1281
53,Quận Hải Châu,NHÀ MẶT PHỐ,4,3.0,2.0,3.58
100,Quận Cẩm Lệ,NHÀ MẶT PHỐ,5,4.0,3.0,5.45
54,Quận Hải Châu,NHÀ TRONG NGÕ,5,3.0,3.0,3.97
96,Quận Liên Chiểu,NHÀ ĐẤT THỔ CƯ,5,1.5,1.0,2.5
53,Quận Hải Châu,NHÀ MẶT PHỐ,4,3.0,2.0,3.6
70,Quận Thanh Khê,NHÀ TRONG NGÕ,4,3.0,3.0,4.25
62,Quận Hải Châu,NHÀ TRONG NGÕ,8,3.0,2.0,3.15
35,Quận Hải Châu,NHÀ TRONG NGÕ,5,3.0,3.0,2.6
69,Quận Ngũ Hành Sơn,CĂN HỘ CHUNG CƯ,7,3.0,3.0,1.5
75,Quận Liên Chiểu,NHÀ MẶT PHỐ,5,3.0,4.0,5.5
75,Quận Liên Chiểu,NHÀ MẶT PHỐ,5,3.0,4.0,5.6
80,Quận Liên Chiểu,NHÀ MẶT PHỐ,5,4.0,4.0,6.0
100,Quận Sơn Trà,NHÀ MẶT PHỐ,5,5.5,7.0,17.3
97,Quận Hải Châu,NHÀ ĐẤT THỔ CƯ,4,1.5,1.0,3.0
69,Quận Ngũ Hành Sơn,CĂN HỘ CHUNG CƯ,7,2.0,2.0,1.55
69,Quận Ngũ Hành Sơn,CĂN HỘ CHUNG CƯ,7,2.0,2.0,0.10005
171,Quận Hải Châu,"NHÀ BIỆT THỰ, LIỀN KỀ",7,4.0,5.0,9.0
69,Quận Ngũ Hành Sơn,CĂN HỘ CHUNG CƯ,7,3.0,3.0,1.53
75,Quận Ngũ Hành Sơn,CĂN HỘ CHUNG CƯ,10,2.0,2.0,1.8
72,Quận Ngũ Hành Sơn,CĂN HỘ CHUNG CƯ,7,3.0,3.0,1.6
72,Quận Ngũ Hành Sơn,CĂN HỘ CHUNG CƯ,7,3.0,3.0,1.55
72,Quận Ngũ Hành Sơn,CĂN HỘ CHUNG CƯ,7,2.0,2.0,1.55
204,Quận Ngũ Hành Sơn,NHÀ MẶT PHỐ,10,4.0,3.0,15.54
111,Quận Sơn Trà,NHÀ MẶT PHỐ,7,3.0,3.0,11.5
75,Quận Ngũ Hành Sơn,CĂN HỘ CHUNG CƯ,7,2.0,2.0,1.4
63,Quận Liên Chiểu,NHÀ TRONG NGÕ,4,3.0,2.0,3.15
137,Quận Hải Châu,NHÀ MẶT PHỐ,7,4.0,5.0,11.8
52,Quận Hải Châu,NHÀ TRONG NGÕ,7,4.0,5.0,0.22619999999999998
78,Quận Ngũ Hành Sơn,CĂN HỘ CHUNG CƯ,7,2.0,2.0,1.75
70,Quận Ngũ Hành Sơn,CĂN HỘ CHUNG CƯ,5,3.0,3.0,1.5
75,Quận Ngũ Hành Sơn,CĂN HỘ CHUNG CƯ,5,3.0,3.0,1.5
70,Quận Ngũ Hành Sơn,CĂN HỘ CHUNG CƯ,6,3.0,3.0,1.1
69,Quận Ngũ Hành Sơn,CĂN HỘ CHUNG CƯ,7,2.0,2.0,1.4
105,Quận Thanh Khê,NHÀ MẶT PHỐ,5,3.0,3.0,6.35
75,Quận Ngũ Hành Sơn,CĂN HỘ CHUNG CƯ,7,3.0,3.0,1.5
53,Quận Hải Châu,NHÀ MẶT PHỐ,4,3.0,2.0,3.5
204,Quận Ngũ Hành Sơn,"NHÀ BIỆT THỰ, LIỀN KỀ",10,3.0,3.0,12.0
204,Quận Ngũ Hành Sơn,"NHÀ BIỆT THỰ, LIỀN KỀ",10,5.0,5.0,13.0
72,Quận Ngũ Hành Sơn,CĂN HỘ CHUNG CƯ,7,2.0,2.0,1.5
70,Quận Ngũ Hành Sơn,CĂN HỘ CHUNG CƯ,6,3.0,3.0,1.6
106,Quận Ngũ Hành Sơn,NHÀ MẶT PHỐ,5,3.0,3.0,6.3
70,Quận Ngũ Hành Sơn,NHÀ MẶT PHỐ,5,3.0,3.0,12.5
58,Quận Thanh Khê,NHÀ ĐẤT THỔ CƯ,5,3.0,3.0,3.55
85,Quận Thanh Khê,NHÀ TRONG NGÕ,4,3.0,2.0,3.0
85,Quận Thanh Khê,NHÀ TRONG NGÕ,4,4.0,3.0,3.0
80,Quận Thanh Khê,NHÀ MẶT PHỐ,5,4.0,4.0,5.4
204,Quận Ngũ Hành Sơn,"NHÀ BIỆT THỰ, LIỀN KỀ",10,3.0,3.0,11.9
60,Quận Hải Châu,NHÀ MẶT PHỐ,5,3.0,2.0,3.8
35,Quận Hải Châu,NHÀ TRONG NGÕ,3,3.0,3.0,4.3
150,Quận Ngũ Hành Sơn,NHÀ MẶT PHỐ,5,3.0,2.0,11.5
204,Quận Ngũ Hành Sơn,"NHÀ BIỆT THỰ, LIỀN KỀ",10,3.0,3.0,11.6
204,Quận Ngũ Hành Sơn,"NHÀ BIỆT THỰ, LIỀN KỀ",10,3.0,3.0,20.0
105,Quận Ngũ Hành Sơn,NHÀ MẶT PHỐ,5,3.0,3.0,5.4
57,Quận Hải Châu,NHÀ MẶT PHỐ,4,5.0,4.0,13.4
150,Quận Sơn Trà,"NHÀ BIỆT THỰ, LIỀN KỀ",7,3.0,3.0,9.8
57,Quận Ngũ Hành Sơn,NHÀ ĐẤT THỔ CƯ,4,1.5,1.0,1.85
56,Quận Sơn Trà,NHÀ ĐẤT THỔ CƯ,4,3.0,2.0,4.0
140,Quận Liên Chiểu,NHÀ MẶT PHỐ,4,3.0,3.0,4.11
120,Quận Liên Chiểu,NHÀ ĐẤT THỔ CƯ,5,3.0,3.0,2.8
178,Quận Liên Chiểu,NHÀ MẶT PHỐ,5,3.0,3.0,4.9
65,Quận Thanh Khê,NHÀ MẶT PHỐ,4,5.5,3.0,9.0
50,Quận Cẩm Lệ,NHÀ ĐẤT THỔ CƯ,7,1.5,1.0,2.7
72,Quận Liên Chiểu,NHÀ MẶT PHỐ,5,3.0,3.0,5.2
72,Quận Liên Chiểu,NHÀ ĐẤT THỔ CƯ,3,3.0,3.0,4.5
52,Quận Thanh Khê,NHÀ TRONG NGÕ,4,3.0,3.0,0.295
103,Quận Sơn Trà,NHÀ TRONG NGÕ,5,1.5,1.0,9.8
120,Quận Hải Châu,NHÀ MẶT PHỐ,6,4.0,4.0,14.0
83,Quận Ngũ Hành Sơn,CĂN HỘ CHUNG CƯ,10,2.0,2.0,3.5
204,Quận Liên Chiểu,NHÀ ĐẤT THỔ CƯ,5,4.0,4.0,4.49
120,Quận Liên Chiểu,NHÀ TRONG NGÕ,4,3.0,3.0,2.8
76,Quận Sơn Trà,NHÀ MẶT PHỐ,5,5.5,3.0,10.0
93,Quận Sơn Trà,NHÀ MẶT PHỐ,5,5.5,7.0,11.6
60,Quận Liên Chiểu,NHÀ TRONG NGÕ,5,3.0,3.0,3.75
98,Quận Ngũ Hành Sơn,CĂN HỘ CHUNG CƯ,7,5.5,7.0,10.5
72,Quận Liên Chiểu,NHÀ MẶT PHỐ,4,2.0,1.0,3.05
65,Quận Hải Châu,NHÀ TRONG NGÕ,6,5.5,7.0,4.0
90,Quận Hải Châu,NHÀ MẶT PHỐ,4,3.0,2.0,3.0
120,Quận Hải Châu,"NHÀ BIỆT THỰ, LIỀN KỀ",6,3.0,4.0,14.0
112,Quận Hải Châu,NHÀ MẶT PHỐ,10,5.0,5.0,2.7
82,Quận Liên Chiểu,NHÀ MẶT PHỐ,4,3.0,2.0,4.35
80,Quận Hải Châu,NHÀ MẶT PHỐ,5,3.0,3.0,5.0
68,Quận Liên Chiểu,NHÀ TRONG NGÕ,4,4.0,2.0,3.8
48,Quận Liên Chiểu,CĂN HỘ CHUNG CƯ,5,1.5,1.0,0.97
63,Quận Liên Chiểu,NHÀ TRONG NGÕ,5,2.0,2.0,3.2
120,Quận Hải Châu,NHÀ MẶT PHỐ,6,4.0,5.0,15.0
70,Quận Ngũ Hành Sơn,CĂN HỘ CHUNG CƯ,10,2.0,2.0,1.7
60,Quận Sơn Trà,CĂN HỘ CHUNG CƯ,10,1.5,1.0,3.48
204,Quận Ngũ Hành Sơn,"NHÀ BIỆT THỰ, LIỀN KỀ",10,3.0,3.0,6.0
100,Quận Ngũ Hành Sơn,"NHÀ BIỆT THỰ, LIỀN KỀ",5,3.0,3.0,6.8
120,Quận Hải Châu,NHÀ MẶT PHỐ,6,5.0,5.0,14.0
60,Quận Hải Châu,NHÀ MẶT PHỐ,4,3.0,3.0,3.9
82,Quận Ngũ Hành Sơn,CĂN HỘ CHUNG CƯ,10,2.0,2.0,3.5
120,Quận Hải Châu,NHÀ MẶT PHỐ,6,5.0,5.0,15.0
82,Quận Ngũ Hành Sơn,CĂN HỘ CHUNG CƯ,10,2.0,2.0,3.6
105,Quận Ngũ Hành Sơn,CĂN HỘ CHUNG CƯ,10,3.0,3.0,3.5
204,Quận Ngũ Hành Sơn,"NHÀ BIỆT THỰ, LIỀN KỀ",2,3.0,3.0,11.0
110,Quận Hải Châu,NHÀ ĐẤT THỔ CƯ,8,3.0,3.0,2.95
82,Quận Ngũ Hành Sơn,CĂN HỘ CHUNG CƯ,10,2.0,2.0,3.4
204,Quận Ngũ Hành Sơn,"NHÀ BIỆT THỰ, LIỀN KỀ",2,4.0,3.0,11.0
204,Quận Ngũ Hành Sơn,"NHÀ BIỆT THỰ, LIỀN KỀ",10,5.0,5.0,24.5
82,Quận Ngũ Hành Sơn,CĂN HỘ CHUNG CƯ,10,2.0,3.0,3.9
204,Quận Ngũ Hành Sơn,"NHÀ BIỆT THỰ, LIỀN KỀ",10,4.0,4.0,13.0
204,Quận Ngũ Hành Sơn,"NHÀ BIỆT THỰ, LIỀN KỀ",10,4.0,4.0,13.0
62,Quận Ngũ Hành Sơn,CĂN HỘ CHUNG CƯ,10,2.0,1.0,3.45
82,Quận Ngũ Hành Sơn,CĂN HỘ CHUNG CƯ,10,2.0,2.0,3.45
204,Quận Ngũ Hành Sơn,"NHÀ BIỆT THỰ, LIỀN KỀ",10,3.0,3.0,24.0
204,Quận Ngũ Hành Sơn,"NHÀ BIỆT THỰ, LIỀN KỀ",10,4.0,3.0,20.0
204,Quận Ngũ Hành Sơn,"NHÀ BIỆT THỰ, LIỀN KỀ",10,3.0,3.0,15.0
82,Quận Ngũ Hành Sơn,CĂN HỘ CHUNG CƯ,10,2.0,2.0,3.8
82,Quận Ngũ Hành Sơn,CĂN HỘ CHUNG CƯ,10,2.0,2.0,3.9
81,Quận Hải Châu,NHÀ TRONG NGÕ,5,3.0,2.0,2.6
128,Quận Liên Chiểu,NHÀ MẶT PHỐ,6,4.0,4.0,6.0
68,Quận Hải Châu,NHÀ TRONG NGÕ,7,3.0,3.0,6.6
82,Quận Ngũ Hành Sơn,CĂN HỘ CHUNG CƯ,10,2.0,2.0,4.2
204,Quận Ngũ Hành Sơn,"NHÀ BIỆT THỰ, LIỀN KỀ",10,5.0,4.0,0.08
105,Quận Ngũ Hành Sơn,CĂN HỘ CHUNG CƯ,10,3.0,2.0,1.3
169,Quận Cẩm Lệ,CĂN HỘ CHUNG CƯ,9,3.0,3.0,6.1
60,Quận Hải Châu,NHÀ MẶT PHỐ,4,3.0,3.0,3.25
204,Quận Ngũ Hành Sơn,"NHÀ BIỆT THỰ, LIỀN KỀ",10,5.0,4.0,21.0
47,Quận Liên Chiểu,CĂN HỘ CHUNG CƯ,8,1.5,1.0,1.03
92,Quận Cẩm Lệ,NHÀ MẶT PHỐ,5,4.0,3.0,3.85
60,Quận Sơn Trà,NHÀ MẶT PHỐ,4,2.0,2.0,3.55
144,Quận Sơn Trà,NHÀ MẶT PHỐ,6,3.0,4.0,11.0
62,Quận Liên Chiểu,NHÀ TRONG NGÕ,5,3.0,3.0,4.17
95,Quận Thanh Khê,NHÀ ĐẤT THỔ CƯ,5,4.0,4.0,6.7
70,Quận Liên Chiểu,NHÀ ĐẤT THỔ CƯ,5,3.0,2.0,4.35
90,Quận Thanh Khê,NHÀ ĐẤT THỔ CƯ,4,4.0,2.0,3.25
61,Quận Thanh Khê,NHÀ ĐẤT THỔ CƯ,5,3.0,3.0,3.97
68,Quận Ngũ Hành Sơn,CĂN HỘ CHUNG CƯ,8,3.0,3.0,1.63
56,Quận Ngũ Hành Sơn,CĂN HỘ CHUNG CƯ,7,3.0,3.0,1.57
57,Quận Ngũ Hành Sơn,CĂN HỘ CHUNG CƯ,8,3.0,3.0,1.55
83,Quận Ngũ Hành Sơn,CĂN HỘ CHUNG CƯ,10,2.0,2.0,3.6
204,Quận Ngũ Hành Sơn,"NHÀ BIỆT THỰ, LIỀN KỀ",10,4.0,4.0,15.0
140,Quận Liên Chiểu,NHÀ MẶT PHỐ,5,3.0,3.0,14.2
204,Quận Hải Châu,NHÀ MẶT PHỐ,5,3.0,2.0,11.4
152,Quận Sơn Trà,NHÀ MẶT PHỐ,7,5.5,7.0,12.5
75,Quận Cẩm Lệ,NHÀ MẶT PHỐ,5,3.0,3.0,3.6
134,Quận Hải Châu,NHÀ MẶT PHỐ,5,3.0,3.0,4.4
112,Quận Hải Châu,"NHÀ BIỆT THỰ, LIỀN KỀ",4,3.0,3.0,3.65
70,Quận Hải Châu,NHÀ MẶT PHỐ,5,4.0,3.0,5.0
68,Quận Thanh Khê,NHÀ TRONG NGÕ,4,3.0,3.0,3.89
62,Quận Ngũ Hành Sơn,CĂN HỘ CHUNG CƯ,10,2.0,2.0,3.9
50,Quận Liên Chiểu,CĂN HỘ CHUNG CƯ,5,1.5,1.0,1.1
44,Quận Liên Chiểu,CĂN HỘ CHUNG CƯ,5,1.5,1.0,0.95
50,Quận Liên Chiểu,CĂN HỘ CHUNG CƯ,5,2.0,1.0,1.15
200,Quận Ngũ Hành Sơn,NHÀ MẶT PHỐ,10,3.0,3.0,9.0
46,Quận Liên Chiểu,CĂN HỘ CHUNG CƯ,5,3.0,3.0,0.95
45,Quận Liên Chiểu,CĂN HỘ CHUNG CƯ,5,1.5,1.0,0.98
40,Quận Liên Chiểu,CĂN HỘ CHUNG CƯ,5,1.5,1.0,0.95
65,Quận Liên Chiểu,CĂN HỘ CHUNG CƯ,6,2.0,1.0,1.3
78,Quận Sơn Trà,NHÀ ĐẤT THỔ CƯ,4,2.0,2.0,0.312
55,Quận Ngũ Hành Sơn,CĂN HỘ CHUNG CƯ,5,2.0,2.0,4.0
48,Quận Thanh Khê,NHÀ ĐẤT THỔ CƯ,4,3.0,2.0,2.55
70,Quận Liên Chiểu,NHÀ ĐẤT THỔ CƯ,3,3.0,3.0,3.35
46,Quận Thanh Khê,NHÀ ĐẤT THỔ CƯ,4,3.0,3.0,3.5
68,Quận Thanh Khê,NHÀ ĐẤT THỔ CƯ,4,3.0,3.0,3.75
57,Quận Hải Châu,NHÀ ĐẤT THỔ CƯ,4,3.0,3.0,3.3
50,Quận Hải Châu,NHÀ ĐẤT THỔ CƯ,4,4.0,4.0,4.55
52,Quận Thanh Khê,NHÀ ĐẤT THỔ CƯ,4,3.0,2.0,2.65
62,Quận Liên Chiểu,NHÀ ĐẤT THỔ CƯ,6,3.0,3.0,3.35
60,Quận Liên Chiểu,NHÀ ĐẤT THỔ CƯ,4,3.0,3.0,3.75
57,Quận Thanh Khê,NHÀ ĐẤT THỔ CƯ,5,3.0,2.0,2.33
50,Quận Thanh Khê,NHÀ ĐẤT THỔ CƯ,4,3.0,4.0,3.6
70,Quận Hải Châu,NHÀ ĐẤT THỔ CƯ,4,4.0,4.0,5.45
66,Quận Liên Chiểu,NHÀ ĐẤT THỔ CƯ,5,3.0,2.0,2.7
87,Quận Liên Chiểu,NHÀ ĐẤT THỔ CƯ,5,2.0,1.0,2.3
62,Quận Thanh Khê,NHÀ ĐẤT THỔ CƯ,4,3.0,2.0,3.2
117,Quận Liên Chiểu,NHÀ ĐẤT THỔ CƯ,5,4.0,3.0,2.95
60,Quận Liên Chiểu,NHÀ ĐẤT THỔ CƯ,5,4.0,2.0,3.2
88,Quận Liên Chiểu,NHÀ ĐẤT THỔ CƯ,5,3.0,4.0,4.75
53,Quận Hải Châu,NHÀ ĐẤT THỔ CƯ,4,3.0,3.0,3.25
100,Quận Cẩm Lệ,NHÀ ĐẤT THỔ CƯ,5,3.0,2.0,4.35
70,Quận Thanh Khê,NHÀ ĐẤT THỔ CƯ,4,3.0,3.0,3.58
100,Quận Liên Chiểu,NHÀ ĐẤT THỔ CƯ,4,2.0,1.0,6.19
134,Quận Liên Chiểu,NHÀ ĐẤT THỔ CƯ,6,2.0,1.0,4.4
60,Quận Thanh Khê,NHÀ ĐẤT THỔ CƯ,5,2.0,2.0,3.75
68,Quận Hải Châu,NHÀ ĐẤT THỔ CƯ,4,3.0,2.0,3.85
63,Quận Cẩm Lệ,NHÀ ĐẤT THỔ CƯ,4,3.0,3.0,3.15
105,Quận Cẩm Lệ,NHÀ ĐẤT THỔ CƯ,5,3.0,2.0,3.75
45,Quận Thanh Khê,NHÀ ĐẤT THỔ CƯ,4,2.0,2.0,2.68
50,Quận Thanh Khê,NHÀ ĐẤT THỔ CƯ,4,3.0,2.0,3.65
63,Quận Liên Chiểu,NHÀ ĐẤT THỔ CƯ,4,3.0,2.0,3.15
92,Quận Liên Chiểu,NHÀ ĐẤT THỔ CƯ,5,3.0,4.0,5.1
50,Quận Thanh Khê,NHÀ ĐẤT THỔ CƯ,5,4.0,3.0,3.95
60,Quận Hải Châu,NHÀ ĐẤT THỔ CƯ,4,3.0,4.0,4.65
75,Quận Liên Chiểu,NHÀ MẶT PHỐ,5,3.0,4.0,5.85
50,Quận Hải Châu,NHÀ ĐẤT THỔ CƯ,5,4.0,4.0,4.55
57,Quận Thanh Khê,NHÀ TRONG NGÕ,5,3.0,3.0,3.65
125,Quận Cẩm Lệ,NHÀ MẶT PHỐ,5,4.0,4.0,7.5
70,Quận Hải Châu,NHÀ ĐẤT THỔ CƯ,5,3.0,3.0,6.8
134,Quận Liên Chiểu,NHÀ MẶT PHỐ,5,3.0,1.0,3.0
61,Quận Liên Chiểu,CĂN HỘ CHUNG CƯ,6,3.0,3.0,1.29
1,Quận Liên Chiểu,CĂN HỘ CHUNG CƯ,8,3.0,3.0,0.045
60,Quận Hải Châu,NHÀ TRONG NGÕ,5,2.0,2.0,3.0
57,Quận Hải Châu,NHÀ ĐẤT THỔ CƯ,4,3.0,3.0,3.1
81,Quận Liên Chiểu,NHÀ ĐẤT THỔ CƯ,5,1.5,1.0,0.14984999999999998
50,Quận Liên Chiểu,CĂN HỘ CHUNG CƯ,5,3.0,3.0,0.99
50,Quận Liên Chiểu,CĂN HỘ CHUNG CƯ,5,1.5,2.0,0.36
65,Quận Liên Chiểu,CĂN HỘ CHUNG CƯ,6,1.5,1.0,1.8
60,Quận Liên Chiểu,CĂN HỘ CHUNG CƯ,10,1.5,1.0,1.8
65,Quận Liên Chiểu,CĂN HỘ CHUNG CƯ,6,1.5,1.0,1.7
50,Quận Liên Chiểu,CĂN HỘ CHUNG CƯ,5,1.5,1.0,1.7
54,Quận Liên Chiểu,CĂN HỘ CHUNG CƯ,6,1.5,1.0,1.9
84,Quận Sơn Trà,NHÀ TRONG NGÕ,10,3.0,2.0,5.0
57,Quận Liên Chiểu,CĂN HỘ CHUNG CƯ,7,2.0,2.0,1.22
40,Quận Liên Chiểu,CĂN HỘ CHUNG CƯ,5,1.5,1.0,0.98
65,Quận Liên Chiểu,CĂN HỘ CHUNG CƯ,6,2.0,2.0,1.25
60,Quận Liên Chiểu,CĂN HỘ CHUNG CƯ,5,3.0,3.0,1.35
54,Quận Liên Chiểu,CĂN HỘ CHUNG CƯ,5,1.5,1.0,1.8
64,Quận Liên Chiểu,CĂN HỘ CHUNG CƯ,5,1.5,1.0,1.8
110,Quận Liên Chiểu,NHÀ ĐẤT THỔ CƯ,5,3.0,2.0,3.65
83,Quận Hải Châu,NHÀ ĐẤT THỔ CƯ,4,4.0,4.0,14.2
52,Quận Hải Châu,NHÀ ĐẤT THỔ CƯ,4,3.0,3.0,3.78
97,Quận Liên Chiểu,NHÀ ĐẤT THỔ CƯ,5,3.0,1.0,2.55
60,Quận Thanh Khê,NHÀ ĐẤT THỔ CƯ,4,3.0,3.0,4.39
52,Quận Hải Châu,NHÀ ĐẤT THỔ CƯ,4,3.0,3.0,4.65
90,Quận Thanh Khê,NHÀ ĐẤT THỔ CƯ,5,3.0,2.0,5.38
180,Quận Liên Chiểu,NHÀ ĐẤT THỔ CƯ,10,3.0,2.0,8.5
106,Quận Cẩm Lệ,NHÀ ĐẤT THỔ CƯ,4,3.0,2.0,3.65
60,Quận Liên Chiểu,NHÀ ĐẤT THỔ CƯ,4,3.0,3.0,3.19
63,Quận Liên Chiểu,NHÀ ĐẤT THỔ CƯ,4,3.0,2.0,2.39
60,Quận Thanh Khê,NHÀ ĐẤT THỔ CƯ,4,3.0,2.0,2.98
58,Quận Hải Châu,NHÀ MẶT PHỐ,4,3.0,4.0,4.43
57,Quận Hải Châu,NHÀ ĐẤT THỔ CƯ,4,3.0,4.0,4.4
75,Quận Hải Châu,NHÀ ĐẤT THỔ CƯ,5,3.0,3.0,4.2
58,Quận Thanh Khê,NHÀ MẶT PHỐ,5,3.0,4.0,4.05
90,Quận Liên Chiểu,NHÀ ĐẤT THỔ CƯ,5,3.0,2.0,4.5
152,Quận Sơn Trà,NHÀ ĐẤT THỔ CƯ,7,5.5,7.0,13.0
43,Quận Thanh Khê,NHÀ ĐẤT THỔ CƯ,3,3.0,3.0,2.8
56,Quận Cẩm Lệ,NHÀ ĐẤT THỔ CƯ,3,2.0,2.0,2.25
86,Quận Sơn Trà,NHÀ ĐẤT THỔ CƯ,5,5.5,7.0,6.65
125,Quận Cẩm Lệ,NHÀ MẶT PHỐ,6,1.5,1.0,7.5
90,Quận Liên Chiểu,NHÀ MẶT PHỐ,5,4.0,3.0,5.7
54,Quận Hải Châu,NHÀ MẶT PHỐ,4,3.0,2.0,5.35
90,Quận Liên Chiểu,NHÀ ĐẤT THỔ CƯ,5,3.0,2.0,5.2
50,Quận Thanh Khê,NHÀ ĐẤT THỔ CƯ,5,4.0,3.0,4.33
100,Quận Cẩm Lệ,NHÀ MẶT PHỐ,5,3.0,3.0,5.0
87,Quận Ngũ Hành Sơn,NHÀ TRONG NGÕ,5,3.0,3.0,5.33
36,Quận Hải Châu,NHÀ MẶT PHỐ,5,4.0,3.0,3.9
81,Quận Hải Châu,NHÀ MẶT PHỐ,4,2.0,2.0,6.2
73,Quận Hải Châu,NHÀ ĐẤT THỔ CƯ,5,3.0,3.0,4.1
70,Quận Liên Chiểu,CĂN HỘ CHUNG CƯ,7,2.0,1.0,2.5
167,Quận Sơn Trà,NHÀ ĐẤT THỔ CƯ,8,1.5,2.0,16.5
60,Quận Liên Chiểu,CĂN HỘ CHUNG CƯ,6,1.5,1.0,1.9
60,Quận Liên Chiểu,CĂN HỘ CHUNG CƯ,6,2.0,1.0,1.9
75,Quận Hải Châu,NHÀ MẶT PHỐ,5,3.0,3.0,4.15
75,Quận Hải Châu,NHÀ MẶT PHỐ,4,3.0,3.0,4.2
82,Quận Ngũ Hành Sơn,CĂN HỘ CHUNG CƯ,10,2.0,2.0,1.3
48,Quận Thanh Khê,NHÀ ĐẤT THỔ CƯ,4,3.0,2.0,2.2
124,Quận Hải Châu,NHÀ MẶT PHỐ,6,3.0,3.0,23.0
204,Quận Sơn Trà,"NHÀ BIỆT THỰ, LIỀN KỀ",6,3.0,4.0,12.8
71,Quận Ngũ Hành Sơn,CĂN HỘ CHUNG CƯ,7,2.0,2.0,1.9
100,Quận Cẩm Lệ,NHÀ ĐẤT THỔ CƯ,5,3.0,2.0,4.9
75,Quận Cẩm Lệ,"NHÀ BIỆT THỰ, LIỀN KỀ",10,3.0,2.0,2.4
52,Quận Thanh Khê,NHÀ ĐẤT THỔ CƯ,4,3.0,3.0,3.37
204,Quận Cẩm Lệ,NHÀ MẶT PHỐ,5,4.0,4.0,5.6
204,Quận Sơn Trà,"NHÀ BIỆT THỰ, LIỀN KỀ",6,4.0,4.0,12.8
120,Quận Liên Chiểu,NHÀ MẶT PHỐ,5,3.0,3.0,7.3
52,Quận Thanh Khê,NHÀ MẶT PHỐ,5,3.0,4.0,3.4
54,Quận Thanh Khê,NHÀ ĐẤT THỔ CƯ,4,2.0,2.0,2.55
79,Quận Liên Chiểu,NHÀ ĐẤT THỔ CƯ,5,3.0,3.0,3.5
200,Quận Ngũ Hành Sơn,"NHÀ BIỆT THỰ, LIỀN KỀ",10,5.5,6.0,14.0
72,Quận Liên Chiểu,NHÀ ĐẤT THỔ CƯ,4,3.0,4.0,5.19
112,Quận Cẩm Lệ,NHÀ TRONG NGÕ,7,3.0,3.0,2.85
100,Quận Cẩm Lệ,NHÀ MẶT PHỐ,5,3.0,2.0,6.5
82,Quận Cẩm Lệ,NHÀ TRONG NGÕ,7,3.0,3.0,2.9
112,Quận Hải Châu,NHÀ MẶT PHỐ,4,3.0,3.0,17.0
90,Quận Ngũ Hành Sơn,"NHÀ BIỆT THỰ, LIỀN KỀ",5,5.0,7.0,5.64
62,Quận Ngũ Hành Sơn,NHÀ MẶT PHỐ,9,1.5,1.0,3.5
75,Quận Cẩm Lệ,NHÀ ĐẤT THỔ CƯ,10,3.0,2.0,2.45
55,Quận Liên Chiểu,NHÀ MẶT PHỐ,6,1.5,1.0,1.75
65,Quận Hải Châu,NHÀ MẶT PHỐ,4,3.0,2.0,3.4
190,Quận Sơn Trà,NHÀ TRONG NGÕ,10,3.0,3.0,8.5
54,Quận Hải Châu,NHÀ ĐẤT THỔ CƯ,4,3.0,3.0,2.98
48,Quận Thanh Khê,NHÀ ĐẤT THỔ CƯ,4,2.0,2.0,2.35
75,Quận Liên Chiểu,NHÀ ĐẤT THỔ CƯ,5,3.0,4.0,5.95
204,Quận Sơn Trà,"NHÀ BIỆT THỰ, LIỀN KỀ",6,4.0,4.0,13.8
56,Quận Ngũ Hành Sơn,CĂN HỘ CHUNG CƯ,7,2.0,2.0,1.6
125,Quận Cẩm Lệ,NHÀ MẶT PHỐ,5,4.0,2.0,4.75
100,Quận Cẩm Lệ,NHÀ ĐẤT THỔ CƯ,5,4.0,3.0,14.0
95,Quận Cẩm Lệ,NHÀ MẶT PHỐ,5,2.0,1.0,3.2
80,Quận Hải Châu,NHÀ ĐẤT THỔ CƯ,4,3.0,2.0,3.0
80,Quận Cẩm Lệ,NHÀ MẶT PHỐ,5,3.0,3.0,4.15
62,Quận Ngũ Hành Sơn,NHÀ TRONG NGÕ,5,5.5,7.0,3.3
120,Quận Liên Chiểu,NHÀ MẶT PHỐ,5,5.0,3.0,4.75
204,Quận Ngũ Hành Sơn,"NHÀ BIỆT THỰ, LIỀN KỀ",10,3.0,3.0,18.0
100,Quận Cẩm Lệ,NHÀ MẶT PHỐ,5,2.0,2.0,4.0
100,Quận Sơn Trà,NHÀ ĐẤT THỔ CƯ,5,4.0,3.0,0.065
60,Quận Cẩm Lệ,NHÀ TRONG NGÕ,4,3.0,3.0,2.21
55,Quận Hải Châu,NHÀ MẶT PHỐ,4,3.0,2.0,3.1
56,Quận Hải Châu,NHÀ ĐẤT THỔ CƯ,4,3.0,2.0,3.15
55,Quận Hải Châu,NHÀ ĐẤT THỔ CƯ,4,3.0,2.0,3.08
71,Quận Hải Châu,NHÀ ĐẤT THỔ CƯ,5,3.0,3.0,4.3
60,Quận Hải Châu,NHÀ ĐẤT THỔ CƯ,5,2.0,2.0,3.18
62,Quận Hải Châu,NHÀ TRONG NGÕ,5,2.0,2.0,3.2
61,Quận Hải Châu,NHÀ TRONG NGÕ,5,3.0,2.0,3.15
67,Quận Hải Châu,NHÀ TRONG NGÕ,4,3.0,3.0,3.52
68,Quận Hải Châu,NHÀ TRONG NGÕ,5,3.0,3.0,3.6
67,Quận Hải Châu,NHÀ TRONG NGÕ,4,3.0,3.0,3.6
66,Quận Hải Châu,NHÀ TRONG NGÕ,6,3.0,4.0,4.7
65,Quận Thanh Khê,NHÀ TRONG NGÕ,4,3.0,3.0,3.75
60,Quận Hải Châu,NHÀ MẶT PHỐ,5,3.0,2.0,3.18
68,Quận Hải Châu,NHÀ MẶT PHỐ,5,3.0,3.0,4.7
55,Quận Hải Châu,NHÀ ĐẤT THỔ CƯ,4,3.0,2.0,3.1
52,Quận Hải Châu,NHÀ MẶT PHỐ,4,2.0,2.0,2.56
52,Quận Hải Châu,NHÀ MẶT PHỐ,4,2.0,2.0,2.6
204,Quận Ngũ Hành Sơn,NHÀ MẶT PHỐ,9,3.0,3.0,17.0
204,Quận Ngũ Hành Sơn,NHÀ MẶT PHỐ,9,5.5,7.0,17.0
70,Quận Liên Chiểu,NHÀ TRONG NGÕ,4,3.0,3.0,3.35
105,Quận Ngũ Hành Sơn,NHÀ MẶT PHỐ,5,3.0,3.0,5.5
120,Quận Ngũ Hành Sơn,NHÀ MẶT PHỐ,10,5.5,6.0,12.0
51,Quận Thanh Khê,NHÀ ĐẤT THỔ CƯ,4,3.0,3.0,2.68
50,Quận Thanh Khê,CĂN HỘ CHUNG CƯ,5,1.5,1.0,2.9
54,Quận Thanh Khê,CĂN HỘ CHUNG CƯ,6,1.5,1.0,3.0
54,Quận Thanh Khê,CĂN HỘ CHUNG CƯ,5,1.5,1.0,2.96
82,Quận Ngũ Hành Sơn,CĂN HỘ CHUNG CƯ,10,3.0,2.0,5.0
60,Quận Ngũ Hành Sơn,NHÀ ĐẤT THỔ CƯ,4,2.0,2.0,5.2
182,Quận Ngũ Hành Sơn,"NHÀ BIỆT THỰ, LIỀN KỀ",10,4.0,5.0,20.9
50,Quận Sơn Trà,NHÀ MẶT PHỐ,4,2.0,2.0,2.6
129,Quận Ngũ Hành Sơn,NHÀ MẶT PHỐ,6,3.0,3.0,0.061
97,Quận Liên Chiểu,NHÀ TRONG NGÕ,5,3.0,2.0,3.7
97,Quận Liên Chiểu,NHÀ TRONG NGÕ,5,3.0,2.0,3.8
100,Quận Ngũ Hành Sơn,NHÀ ĐẤT THỔ CƯ,3,3.0,1.0,6.45
71,Quận Liên Chiểu,NHÀ ĐẤT THỔ CƯ,4,3.0,4.0,3.55
52,Quận Hải Châu,NHÀ TRONG NGÕ,4,2.0,2.0,2.57
68,Quận Hải Châu,NHÀ ĐẤT THỔ CƯ,5,3.0,3.0,4.7
71,Quận Hải Châu,NHÀ MẶT PHỐ,5,3.0,3.0,4.25
62,Quận Hải Châu,NHÀ MẶT PHỐ,5,2.0,2.0,3.2
90,Quận Liên Chiểu,NHÀ ĐẤT THỔ CƯ,5,3.0,4.0,5.1
204,Quận Sơn Trà,NHÀ MẶT PHỐ,10,2.0,2.0,15.0
67,Quận Sơn Trà,NHÀ TRONG NGÕ,5,2.0,2.0,3.6
52,Quận Hải Châu,NHÀ MẶT PHỐ,4,2.0,2.0,2.57
60,Quận Hải Châu,NHÀ TRONG NGÕ,7,4.0,5.0,3.2
100,Quận Thanh Khê,NHÀ ĐẤT THỔ CƯ,5,3.0,3.0,9.0
125,Quận Liên Chiểu,NHÀ ĐẤT THỔ CƯ,8,3.0,3.0,8.6
85,Quận Thanh Khê,NHÀ MẶT PHỐ,5,3.0,3.0,4.2
138,Quận Thanh Khê,NHÀ MẶT PHỐ,5,3.0,3.0,4.1
92,Quận Cẩm Lệ,NHÀ MẶT PHỐ,5,2.0,1.0,4.8
100,Quận Sơn Trà,NHÀ MẶT PHỐ,5,3.0,3.0,6.0
64,Quận Ngũ Hành Sơn,NHÀ ĐẤT THỔ CƯ,5,4.0,2.0,4.5
82,Quận Sơn Trà,NHÀ ĐẤT THỔ CƯ,5,4.0,2.0,3.4
100,Quận Ngũ Hành Sơn,NHÀ TRONG NGÕ,5,5.5,6.0,6.5
65,Quận Sơn Trà,NHÀ MẶT PHỐ,5,4.0,4.0,4.6
79,Quận Sơn Trà,NHÀ ĐẤT THỔ CƯ,5,4.0,4.0,4.6
68,Quận Sơn Trà,NHÀ ĐẤT THỔ CƯ,5,4.0,3.0,4.0
100,Quận Sơn Trà,NHÀ TRONG NGÕ,5,3.0,2.0,4.7
76,Quận Sơn Trà,NHÀ ĐẤT THỔ CƯ,5,4.0,3.0,4.6
60,Quận Sơn Trà,NHÀ MẶT PHỐ,5,3.0,2.0,3.0
95,Quận Ngũ Hành Sơn,NHÀ MẶT PHỐ,10,3.0,3.0,3.8
70,Quận Liên Chiểu,NHÀ ĐẤT THỔ CƯ,4,3.0,3.0,3.55
52,Quận Thanh Khê,NHÀ TRONG NGÕ,5,4.0,4.0,4.3
100,Quận Liên Chiểu,NHÀ MẶT PHỐ,5,3.0,3.0,4.5
65,Quận Thanh Khê,NHÀ TRONG NGÕ,4,4.0,4.0,4.0
52,Quận Thanh Khê,NHÀ TRONG NGÕ,5,4.0,4.0,4.33
65,Quận Sơn Trà,NHÀ TRONG NGÕ,5,4.0,4.0,4.6
50,Quận Thanh Khê,NHÀ TRONG NGÕ,4,2.0,1.0,1.6
90,Quận Thanh Khê,NHÀ TRONG NGÕ,5,5.5,2.0,2.0
57,Quận Liên Chiểu,CĂN HỘ CHUNG CƯ,6,3.0,3.0,1.79
95,Quận Sơn Trà,NHÀ TRONG NGÕ,5,3.0,3.0,5.51
90,Quận Sơn Trà,NHÀ MẶT PHỐ,5,3.0,3.0,3.0
204,Quận Hải Châu,CĂN HỘ CHUNG CƯ,7,2.0,2.0,0.11
44,Quận Thanh Khê,NHÀ MẶT PHỐ,4,3.0,3.0,3.0
43,Quận Thanh Khê,NHÀ TRONG NGÕ,6,2.0,2.0,3.0
200,Quận Hải Châu,"NHÀ BIỆT THỰ, LIỀN KỀ",8,4.0,4.0,21.6
204,Huyện Hòa Vang,"NHÀ BIỆT THỰ, LIỀN KỀ",5,2.0,2.0,1.2
60,Quận Thanh Khê,NHÀ TRONG NGÕ,6,2.0,3.0,2.6
95,Quận Hải Châu,NHÀ MẶT PHỐ,5,5.0,3.0,9.5
65,Quận Ngũ Hành Sơn,CONDOTEL,10,2.0,2.0,4.0
125,Quận Liên Chiểu,NHÀ MẶT PHỐ,5,4.0,4.0,5.4
70,Quận Hải Châu,NHÀ MẶT PHỐ,10,3.0,3.0,12.5
66,Quận Liên Chiểu,NHÀ TRONG NGÕ,5,2.0,3.0,2.25
100,Quận Ngũ Hành Sơn,NHÀ MẶT PHỐ,5,3.0,3.0,4.2
204,Quận Sơn Trà,NHÀ MẶT PHỐ,10,3.0,3.0,20.1
70,Quận Ngũ Hành Sơn,NHÀ MẶT PHỐ,5,4.0,5.0,13.8
100,Quận Cẩm Lệ,NHÀ MẶT PHỐ,5,3.0,2.0,3.3
75,Quận Cẩm Lệ,NHÀ MẶT PHỐ,5,3.0,3.0,3.5
44,Quận Hải Châu,NHÀ ĐẤT THỔ CƯ,4,3.0,3.0,3.85
180,Quận Thanh Khê,"NHÀ BIỆT THỰ, LIỀN KỀ",4,4.0,5.0,4.2
65,Quận Thanh Khê,NHÀ MẶT PHỐ,4,3.0,3.0,3.95
120,Quận Liên Chiểu,NHÀ MẶT PHỐ,5,2.0,1.0,2.6
120,Quận Liên Chiểu,NHÀ TRONG NGÕ,10,3.0,3.0,4.25
100,Quận Cẩm Lệ,NHÀ MẶT PHỐ,5,3.0,4.0,4.9
75,Quận Thanh Khê,NHÀ MẶT PHỐ,4,3.0,3.0,16.0
150,Quận Liên Chiểu,NHÀ MẶT PHỐ,7,4.0,3.0,7.8
45,Quận Thanh Khê,NHÀ TRONG NGÕ,4,2.0,2.0,2.68
197,Quận Thanh Khê,NHÀ MẶT PHỐ,5,4.0,5.0,4.6
100,Quận Ngũ Hành Sơn,NHÀ ĐẤT THỔ CƯ,5,3.0,3.0,3.8
88,Quận Cẩm Lệ,NHÀ MẶT PHỐ,5,4.0,4.0,5.5
60,Quận Ngũ Hành Sơn,NHÀ MẶT PHỐ,5,2.0,3.0,5.25
180,Quận Cẩm Lệ,NHÀ MẶT PHỐ,4,5.0,5.0,14.5
200,Quận Ngũ Hành Sơn,NHÀ ĐẤT THỔ CƯ,8,3.0,2.0,11.0
59,Quận Thanh Khê,NHÀ ĐẤT THỔ CƯ,6,3.0,3.0,4.0
59,Quận Thanh Khê,NHÀ ĐẤT THỔ CƯ,6,4.0,3.0,4.0
160,Quận Thanh Khê,NHÀ MẶT PHỐ,6,4.0,3.0,8.7
70,Quận Liên Chiểu,NHÀ TRONG NGÕ,4,2.0,3.0,3.29
137,Quận Liên Chiểu,NHÀ ĐẤT THỔ CƯ,5,2.0,1.0,2.55
150,Quận Liên Chiểu,NHÀ MẶT PHỐ,4,4.0,2.0,3.63
75,Quận Hải Châu,NHÀ TRONG NGÕ,5,3.0,3.0,4.2
106,Quận Thanh Khê,NHÀ MẶT PHỐ,9,2.0,2.0,15.9
72,Quận Liên Chiểu,NHÀ MẶT PHỐ,4,3.0,3.0,4.0
93,Quận Liên Chiểu,NHÀ TRONG NGÕ,4,3.0,2.0,2.7
110,Quận Ngũ Hành Sơn,NHÀ MẶT PHỐ,5,3.0,3.0,11.0
88,Quận Sơn Trà,"NHÀ BIỆT THỰ, LIỀN KỀ",5,5.5,7.0,12.0
100,Quận Ngũ Hành Sơn,"NHÀ BIỆT THỰ, LIỀN KỀ",5,3.0,3.0,4.5
51,Quận Sơn Trà,NHÀ MẶT PHỐ,4,2.0,2.0,4.0
51,Quận Sơn Trà,NHÀ MẶT PHỐ,4,3.0,2.0,4.0
200,Quận Cẩm Lệ,NHÀ MẶT PHỐ,10,3.0,2.0,13.5
204,Quận Ngũ Hành Sơn,"NHÀ BIỆT THỰ, LIỀN KỀ",10,5.0,6.0,0.097
100,Quận Sơn Trà,NHÀ MẶT PHỐ,5,5.5,4.0,8.3
100,Quận Cẩm Lệ,NHÀ MẶT PHỐ,5,3.0,3.0,3.6
83,Quận Ngũ Hành Sơn,CĂN HỘ CHUNG CƯ,8,2.0,2.0,5.44
80,Quận Hải Châu,NHÀ TRONG NGÕ,3,2.0,1.0,2.95
42,Quận Sơn Trà,CĂN HỘ CHUNG CƯ,10,1.5,1.0,2.3
204,Quận Ngũ Hành Sơn,CĂN HỘ CHUNG CƯ,7,2.0,3.0,2.1
60,Quận Hải Châu,NHÀ MẶT PHỐ,5,3.0,3.0,4.34
60,Quận Hải Châu,NHÀ MẶT PHỐ,5,4.0,3.0,4.35
130,Quận Ngũ Hành Sơn,NHÀ MẶT PHỐ,5,4.0,3.0,7.0
130,Quận Ngũ Hành Sơn,NHÀ MẶT PHỐ,5,4.0,3.0,7.5
100,Quận Ngũ Hành Sơn,NHÀ MẶT PHỐ,6,3.0,2.0,3.0
182,Quận Ngũ Hành Sơn,NHÀ MẶT PHỐ,7,4.0,3.0,7.0
106,Quận Liên Chiểu,NHÀ MẶT PHỐ,5,4.0,3.0,4.2
70,Quận Sơn Trà,NHÀ TRONG NGÕ,4,4.0,4.0,4.0
80,Quận Liên Chiểu,NHÀ TRONG NGÕ,4,3.0,3.0,3.15
72,Quận Cẩm Lệ,NHÀ TRONG NGÕ,6,3.0,2.0,2.4
100,Quận Liên Chiểu,NHÀ MẶT PHỐ,5,3.0,3.0,9.2
100,Quận Liên Chiểu,NHÀ MẶT PHỐ,5,4.0,3.0,3.55
106,Quận Hải Châu,NHÀ TRONG NGÕ,6,3.0,3.0,5.8
65,Quận Thanh Khê,NHÀ MẶT PHỐ,4,5.0,3.0,9.0
120,Quận Sơn Trà,NHÀ MẶT PHỐ,5,3.0,3.0,5.0
137,Quận Hải Châu,NHÀ MẶT PHỐ,8,5.5,5.0,16.2
110,Quận Sơn Trà,NHÀ MẶT PHỐ,5,3.0,1.0,4.7
72,Quận Thanh Khê,NHÀ TRONG NGÕ,6,3.0,3.0,3.99
100,Quận Cẩm Lệ,NHÀ MẶT PHỐ,5,3.0,3.0,3.6
75,Quận Thanh Khê,NHÀ MẶT PHỐ,5,2.0,2.0,3.55
56,Quận Liên Chiểu,NHÀ TRONG NGÕ,8,2.0,2.0,2.55
56,Quận Thanh Khê,"NHÀ BIỆT THỰ, LIỀN KỀ",4,4.0,5.0,4.5
105,Quận Ngũ Hành Sơn,CĂN HỘ CHUNG CƯ,8,3.0,3.0,4.8
130,Quận Liên Chiểu,NHÀ TRONG NGÕ,4,3.0,2.0,2.75
72,Quận Liên Chiểu,NHÀ MẶT PHỐ,4,2.0,1.0,1.85
100,Quận Cẩm Lệ,NHÀ MẶT PHỐ,5,3.0,2.0,3.75
80,Quận Thanh Khê,NHÀ TRONG NGÕ,5,3.0,2.0,4.2
50,Quận Thanh Khê,NHÀ TRONG NGÕ,10,2.0,1.0,1.88
114,Quận Thanh Khê,NHÀ MẶT PHỐ,3,4.0,2.0,8.5
1,Quận Hải Châu,NHÀ MẶT PHỐ,10,3.0,3.0,17.5
80,Quận Cẩm Lệ,NHÀ TRONG NGÕ,5,3.0,2.0,3.0
81,Quận Hải Châu,NHÀ TRONG NGÕ,10,2.0,1.0,3.1
145,Quận Cẩm Lệ,NHÀ TRONG NGÕ,6,2.0,1.0,2.5
72,Quận Hải Châu,NHÀ MẶT PHỐ,4,4.0,3.0,6.3
65,Quận Thanh Khê,NHÀ TRONG NGÕ,4,3.0,3.0,3.43
63,Quận Thanh Khê,NHÀ TRONG NGÕ,3,3.0,3.0,3.25
52,Quận Hải Châu,NHÀ MẶT PHỐ,4,5.5,3.0,3.5
110,Quận Cẩm Lệ,NHÀ MẶT PHỐ,5,2.0,1.0,4.2
60,Quận Hải Châu,NHÀ TRONG NGÕ,4,2.0,2.0,2.85
100,Quận Ngũ Hành Sơn,NHÀ MẶT PHỐ,5,3.0,3.0,6.5
50,Quận Hải Châu,NHÀ TRONG NGÕ,5,3.0,3.0,3.5
87,Quận Thanh Khê,NHÀ TRONG NGÕ,3,4.0,3.0,3.52
75,Quận Thanh Khê,NHÀ TRONG NGÕ,4,4.0,4.0,3.15
110,Quận Hải Châu,NHÀ TRONG NGÕ,4,3.0,3.0,5.65
125,Huyện Hòa Vang,CONDOTEL,6,3.0,3.0,0.6
204,Quận Ngũ Hành Sơn,NHÀ MẶT PHỐ,10,3.0,3.0,7.3
80,Quận Hải Châu,NHÀ TRONG NGÕ,5,4.0,5.0,4.5
100,Huyện Hòa Vang,NHÀ MẶT PHỐ,5,1.5,1.0,3.5
150,Quận Ngũ Hành Sơn,"NHÀ BIỆT THỰ, LIỀN KỀ",7,1.5,1.0,5.85
93,Quận Sơn Trà,NHÀ MẶT PHỐ,5,3.0,2.0,5.6
54,Quận Thanh Khê,NHÀ MẶT PHỐ,4,3.0,3.0,3.0
56,Quận Liên Chiểu,CĂN HỘ CHUNG CƯ,7,1.5,1.0,3.36
140,Quận Liên Chiểu,"NHÀ BIỆT THỰ, LIỀN KỀ",10,3.0,3.0,5.4
65,Quận Thanh Khê,NHÀ TRONG NGÕ,4,2.0,1.0,3.0
90,Quận Cẩm Lệ,NHÀ MẶT PHỐ,5,3.0,2.0,3.33
64,Quận Thanh Khê,NHÀ TRONG NGÕ,4,4.0,3.0,3.4
75,Quận Cẩm Lệ,NHÀ MẶT PHỐ,5,3.0,2.0,3.55
195,Quận Hải Châu,NHÀ MẶT PHỐ,6,5.5,7.0,18.0
32,Quận Hải Châu,CĂN HỘ CHUNG CƯ,3,1.5,1.0,0.86
90,Quận Liên Chiểu,NHÀ MẶT PHỐ,5,4.0,4.0,6.0
98,Quận Sơn Trà,NHÀ MẶT PHỐ,5,2.0,1.0,8.0
72,Quận Hải Châu,NHÀ MẶT PHỐ,4,3.0,2.0,5.8
204,Quận Ngũ Hành Sơn,"NHÀ BIỆT THỰ, LIỀN KỀ",10,3.0,3.0,0.15
68,Quận Hải Châu,NHÀ TRONG NGÕ,6,3.0,3.0,4.8
50,Quận Hải Châu,NHÀ MẶT PHỐ,4,5.5,3.0,3.5
55,Quận Thanh Khê,NHÀ TRONG NGÕ,7,2.0,2.0,2.05
40,Quận Hải Châu,NHÀ TRONG NGÕ,4,3.0,2.0,2.07
70,Quận Liên Chiểu,NHÀ TRONG NGÕ,3,3.0,2.0,2.65
56,Quận Thanh Khê,NHÀ TRONG NGÕ,4,3.0,1.0,3.1
65,Quận Hải Châu,NHÀ MẶT PHỐ,5,2.0,2.0,4.2
70,Quận Cẩm Lệ,NHÀ MẶT PHỐ,5,3.0,3.0,3.65
150,Quận Ngũ Hành Sơn,"NHÀ BIỆT THỰ, LIỀN KỀ",10,4.0,2.0,4.8
70,Quận Hải Châu,CĂN HỘ CHUNG CƯ,10,2.0,2.0,6.0
85,Quận Cẩm Lệ,NHÀ MẶT PHỐ,5,4.0,3.0,4.0
75,Quận Thanh Khê,NHÀ TRONG NGÕ,5,3.0,3.0,4.3
62,Quận Thanh Khê,NHÀ MẶT PHỐ,5,2.0,3.0,0.5394
96,Quận Cẩm Lệ,NHÀ MẶT PHỐ,5,5.0,5.0,5.75
110,Quận Ngũ Hành Sơn,NHÀ MẶT PHỐ,10,3.0,3.0,16.0
65,Quận Liên Chiểu,NHÀ TRONG NGÕ,5,2.0,1.0,1.17
77,Quận Hải Châu,NHÀ TRONG NGÕ,5,2.0,2.0,3.5
56,Quận Thanh Khê,NHÀ TRONG NGÕ,4,3.0,2.0,3.1
56,Quận Thanh Khê,NHÀ TRONG NGÕ,4,2.0,2.0,3.1
52,Quận Liên Chiểu,NHÀ TRONG NGÕ,7,3.0,3.0,0.169
70,Quận Liên Chiểu,NHÀ TRONG NGÕ,3,2.0,1.0,2.5
70,Quận Hải Châu,CĂN HỘ CHUNG CƯ,10,2.0,2.0,0.11
137,Quận Sơn Trà,NHÀ MẶT PHỐ,8,3.0,3.0,16.3
100,Quận Hải Châu,NHÀ TRONG NGÕ,5,2.0,3.0,3.4
204,Quận Ngũ Hành Sơn,"NHÀ BIỆT THỰ, LIỀN KỀ",10,3.0,3.0,25.0
159,Quận Hải Châu,NHÀ MẶT PHỐ,5,4.0,4.0,24.5
129,Quận Liên Chiểu,NHÀ TRONG NGÕ,4,5.5,6.0,2.95
68,Quận Hải Châu,NHÀ MẶT PHỐ,4,3.0,2.0,5.6
70,Quận Cẩm Lệ,NHÀ MẶT PHỐ,5,3.0,2.0,3.5
127,Huyện Hòa Vang,NHÀ MẶT PHỐ,5,3.0,2.0,4.9
187,Quận Cẩm Lệ,NHÀ MẶT PHỐ,8,4.0,4.0,17.6
108,Quận Ngũ Hành Sơn,NHÀ TRONG NGÕ,5,2.0,1.0,2.1
108,Quận Ngũ Hành Sơn,NHÀ TRONG NGÕ,5,3.0,3.0,2.1
50,Quận Hải Châu,NHÀ MẶT PHỐ,4,3.0,3.0,3.45
63,Quận Hải Châu,NHÀ TRONG NGÕ,4,2.0,2.0,2.8
204,Quận Cẩm Lệ,NHÀ MẶT PHỐ,10,4.0,4.0,0.115
130,Quận Hải Châu,NHÀ TRONG NGÕ,4,3.0,3.0,4.6
110,Quận Ngũ Hành Sơn,NHÀ MẶT PHỐ,5,4.0,4.0,5.2
100,Quận Liên Chiểu,NHÀ MẶT PHỐ,7,5.5,3.0,3.9
90,Quận Hải Châu,NHÀ MẶT PHỐ,4,3.0,3.0,4.6
90,Quận Ngũ Hành Sơn,NHÀ MẶT PHỐ,5,4.0,3.0,6.7
204,Quận Hải Châu,NHÀ MẶT PHỐ,5,4.0,4.0,3.9
110,Quận Hải Châu,NHÀ TRONG NGÕ,4,3.0,4.0,5.75
56,Quận Thanh Khê,NHÀ MẶT PHỐ,4,4.0,4.0,5.95
152,Quận Thanh Khê,NHÀ MẶT PHỐ,8,3.0,3.0,4.2
33,Quận Hải Châu,CĂN HỘ CHUNG CƯ,2,1.5,1.0,0.87
65,Quận Thanh Khê,NHÀ TRONG NGÕ,6,4.0,3.0,2.8
50,Quận Hải Châu,NHÀ TRONG NGÕ,5,3.0,2.0,3.0
60,Quận Hải Châu,NHÀ MẶT PHỐ,4,5.0,3.0,4.2
95,Quận Thanh Khê,NHÀ MẶT PHỐ,5,2.0,1.0,0.35625
114,Quận Thanh Khê,NHÀ MẶT PHỐ,5,2.0,1.0,3.75
60,Quận Liên Chiểu,NHÀ MẶT PHỐ,5,4.0,3.0,4.65
60,Quận Thanh Khê,NHÀ TRONG NGÕ,5,3.0,4.0,3.65
50,Quận Thanh Khê,NHÀ TRONG NGÕ,4,3.0,3.0,0.0935
108,Quận Thanh Khê,NHÀ MẶT PHỐ,5,4.0,5.0,7.3
65,Quận Hải Châu,NHÀ TRONG NGÕ,7,3.0,3.0,3.2
120,Quận Thanh Khê,NHÀ MẶT PHỐ,6,3.0,3.0,2.8
120,Quận Thanh Khê,NHÀ MẶT PHỐ,5,4.0,3.0,3.0
75,Quận Thanh Khê,NHÀ MẶT PHỐ,5,3.0,3.0,3.2
71,Quận Hải Châu,NHÀ TRONG NGÕ,9,3.0,3.0,7.4
80,Quận Hải Châu,NHÀ TRONG NGÕ,4,3.0,3.0,3.0
120,Quận Cẩm Lệ,NHÀ TRONG NGÕ,5,1.5,1.0,1.85
62,Quận Hải Châu,CĂN HỘ CHUNG CƯ,10,5.5,7.0,22.0
90,Quận Ngũ Hành Sơn,NHÀ MẶT PHỐ,5,4.0,3.0,6.5
95,Quận Thanh Khê,NHÀ MẶT PHỐ,5,5.5,6.0,5.0
80,Quận Cẩm Lệ,NHÀ MẶT PHỐ,5,4.0,4.0,4.8
50,Quận Hải Châu,NHÀ MẶT PHỐ,4,3.0,3.0,4.5
75,Quận Thanh Khê,NHÀ TRONG NGÕ,5,3.0,3.0,4.8
114,Quận Ngũ Hành Sơn,NHÀ MẶT PHỐ,5,5.5,6.0,11.5
100,Quận Ngũ Hành Sơn,NHÀ MẶT PHỐ,5,5.5,7.0,2.35
96,Quận Thanh Khê,NHÀ MẶT PHỐ,5,3.0,3.0,8.9
82,Quận Hải Châu,NHÀ TRONG NGÕ,4,3.0,3.0,4.5
90,Quận Thanh Khê,NHÀ MẶT PHỐ,5,5.5,7.0,2.7
115,Quận Cẩm Lệ,NHÀ MẶT PHỐ,5,3.0,3.0,5.9
100,Quận Cẩm Lệ,NHÀ MẶT PHỐ,5,3.0,2.0,0.58
150,Quận Sơn Trà,NHÀ TRONG NGÕ,5,3.0,3.0,2.0
70,Quận Hải Châu,NHÀ MẶT PHỐ,4,2.0,2.0,5.6
204,Quận Liên Chiểu,NHÀ MẶT PHỐ,5,4.0,3.0,9.0
71,Quận Liên Chiểu,CĂN HỘ CHUNG CƯ,10,3.0,2.0,0.6
175,Quận Cẩm Lệ,NHÀ MẶT PHỐ,5,5.5,6.0,19.1
100,Quận Ngũ Hành Sơn,NHÀ MẶT PHỐ,5,5.0,3.0,5.5
51,Quận Hải Châu,NHÀ TRONG NGÕ,4,2.0,2.0,4.5
80,Quận Cẩm Lệ,NHÀ MẶT PHỐ,5,3.0,3.0,2.9
46,Quận Ngũ Hành Sơn,CĂN HỘ CHUNG CƯ,5,1.5,2.0,1.17
80,Quận Sơn Trà,"NHÀ BIỆT THỰ, LIỀN KỀ",4,4.0,2.0,5.9
158,Quận Liên Chiểu,NHÀ MẶT PHỐ,5,3.0,2.0,3.0
125,Quận Cẩm Lệ,NHÀ MẶT PHỐ,5,4.0,4.0,7.0
80,Quận Cẩm Lệ,NHÀ MẶT PHỐ,5,2.0,2.0,5.0
70,Quận Hải Châu,NHÀ MẶT PHỐ,4,3.0,3.0,3.5
100,Quận Cẩm Lệ,NHÀ MẶT PHỐ,5,3.0,2.0,5.3
66,Quận Thanh Khê,NHÀ TRONG NGÕ,4,3.0,3.0,3.0
44,Quận Cẩm Lệ,NHÀ TRONG NGÕ,4,2.0,2.0,1.85
72,Quận Sơn Trà,NHÀ MẶT PHỐ,4,2.0,2.0,3.5
204,Quận Ngũ Hành Sơn,NHÀ TRONG NGÕ,10,1.5,1.0,2.7
45,Quận Hải Châu,NHÀ MẶT PHỐ,4,3.0,3.0,7.9
120,Quận Ngũ Hành Sơn,NHÀ MẶT PHỐ,7,3.0,3.0,23.0
57,Quận Hải Châu,NHÀ MẶT PHỐ,5,4.0,4.0,15.0
48,Quận Hải Châu,NHÀ MẶT PHỐ,4,4.0,4.0,17.0
65,Quận Cẩm Lệ,NHÀ TRONG NGÕ,4,3.0,2.0,2.1
80,Quận Liên Chiểu,NHÀ TRONG NGÕ,4,4.0,3.0,2.85
100,Quận Liên Chiểu,NHÀ MẶT PHỐ,5,4.0,3.0,3.55
150,Quận Liên Chiểu,NHÀ MẶT PHỐ,7,3.0,2.0,3.4
204,Quận Cẩm Lệ,"NHÀ BIỆT THỰ, LIỀN KỀ",10,5.5,4.0,17.0
100,Quận Liên Chiểu,NHÀ MẶT PHỐ,5,3.0,3.0,5.3
90,Quận Thanh Khê,NHÀ TRONG NGÕ,10,5.0,2.0,2.7
83,Quận Liên Chiểu,NHÀ MẶT PHỐ,5,2.0,1.0,4.1
106,Quận Liên Chiểu,NHÀ MẶT PHỐ,6,3.0,2.0,5.3
60,Quận Sơn Trà,NHÀ MẶT PHỐ,7,3.0,3.0,3.4
80,Quận Cẩm Lệ,NHÀ MẶT PHỐ,5,2.0,2.0,3.8
100,Quận Cẩm Lệ,NHÀ MẶT PHỐ,5,3.0,3.0,4.8
204,Quận Liên Chiểu,NHÀ MẶT PHỐ,5,3.0,3.0,9.0
90,Quận Cẩm Lệ,NHÀ MẶT PHỐ,5,4.0,2.0,4.4
55,Quận Cẩm Lệ,NHÀ MẶT PHỐ,4,3.0,4.0,0.3245
60,Quận Sơn Trà,NHÀ MẶT PHỐ,7,3.0,3.0,3.4
80,Quận Liên Chiểu,NHÀ TRONG NGÕ,4,3.0,2.0,2.9
110,Quận Liên Chiểu,NHÀ MẶT PHỐ,5,3.0,2.0,5.3
70,Quận Liên Chiểu,NHÀ TRONG NGÕ,10,2.0,1.0,2.5
67,Quận Thanh Khê,NHÀ MẶT PHỐ,4,3.0,2.0,4.6
66,Quận Sơn Trà,NHÀ MẶT PHỐ,4,3.0,3.0,3.7
47,Quận Cẩm Lệ,NHÀ TRONG NGÕ,4,2.0,2.0,4.9
60,Quận Hải Châu,NHÀ MẶT PHỐ,4,5.5,5.0,5.5
50,Quận Hải Châu,NHÀ TRONG NGÕ,5,2.0,2.0,2.15
106,Quận Cẩm Lệ,NHÀ MẶT PHỐ,5,3.0,2.0,0.53
180,Quận Cẩm Lệ,NHÀ MẶT PHỐ,5,5.5,5.0,19.2
75,Quận Thanh Khê,NHÀ TRONG NGÕ,5,5.5,6.0,3.15
100,Quận Cẩm Lệ,NHÀ MẶT PHỐ,5,5.5,7.0,13.5
55,Quận Cẩm Lệ,NHÀ MẶT PHỐ,4,3.0,3.0,5.9
70,Quận Sơn Trà,NHÀ MẶT PHỐ,5,3.0,3.0,3.9
115,Quận Cẩm Lệ,NHÀ MẶT PHỐ,7,3.0,3.0,3.77
91,Quận Hải Châu,NHÀ MẶT PHỐ,4,3.0,3.0,9.69
85,Quận Ngũ Hành Sơn,NHÀ MẶT PHỐ,5,5.5,7.0,4.2
158,Quận Sơn Trà,NHÀ MẶT PHỐ,8,3.0,2.0,11.3
70,Quận Sơn Trà,NHÀ MẶT PHỐ,5,4.0,4.0,7.0
70,Quận Hải Châu,NHÀ MẶT PHỐ,8,2.0,2.0,4.17
81,Quận Sơn Trà,CĂN HỘ CHUNG CƯ,5,3.0,3.0,10.5
60,Quận Sơn Trà,NHÀ MẶT PHỐ,7,5.5,3.0,14.0
45,Quận Liên Chiểu,CĂN HỘ CHUNG CƯ,10,3.0,2.0,1.0
204,Quận Ngũ Hành Sơn,"NHÀ BIỆT THỰ, LIỀN KỀ",10,5.0,6.0,12.0
204,Quận Ngũ Hành Sơn,"NHÀ BIỆT THỰ, LIỀN KỀ",10,5.0,3.0,4.0
90,Quận Ngũ Hành Sơn,NHÀ MẶT PHỐ,5,5.5,7.0,8.0
70,Quận Hải Châu,NHÀ MẶT PHỐ,4,3.0,2.0,4.3
82,Quận Ngũ Hành Sơn,CĂN HỘ CHUNG CƯ,10,2.0,2.0,4.5
77,Quận Ngũ Hành Sơn,CĂN HỘ CHUNG CƯ,10,3.0,2.0,3.0
65,Quận Ngũ Hành Sơn,CĂN HỘ CHUNG CƯ,10,3.0,2.0,3.0
80,Quận Hải Châu,CĂN HỘ CHUNG CƯ,10,2.0,2.0,2.33
100,Quận Ngũ Hành Sơn,NHÀ MẶT PHỐ,5,3.0,4.0,6.8
105,Quận Ngũ Hành Sơn,CĂN HỘ CHUNG CƯ,10,3.0,3.0,1.27
59,Quận Ngũ Hành Sơn,CĂN HỘ CHUNG CƯ,10,1.5,1.0,0.714
51,Quận Thanh Khê,NHÀ TRONG NGÕ,4,3.0,2.0,3.15
77,Quận Ngũ Hành Sơn,CĂN HỘ CHUNG CƯ,10,2.0,2.0,0.96
90,Quận Ngũ Hành Sơn,NHÀ MẶT PHỐ,4,3.0,2.0,7.8
80,Quận Sơn Trà,NHÀ MẶT PHỐ,5,2.0,2.0,3.95
62,Quận Thanh Khê,NHÀ TRONG NGÕ,5,2.0,2.0,2.25
67,Quận Thanh Khê,NHÀ TRONG NGÕ,6,4.0,2.0,2.5
115,Quận Cẩm Lệ,NHÀ MẶT PHỐ,5,3.0,3.0,16.5
105,Quận Ngũ Hành Sơn,CĂN HỘ CHUNG CƯ,10,3.0,4.0,1.07
80,Quận Thanh Khê,NHÀ MẶT PHỐ,5,3.0,2.0,3.3
83,Quận Hải Châu,NHÀ MẶT PHỐ,5,4.0,4.0,5.6
58,Quận Thanh Khê,NHÀ TRONG NGÕ,4,2.0,2.0,3.5
42,Quận Hải Châu,NHÀ TRONG NGÕ,3,3.0,3.0,3.39
115,Quận Cẩm Lệ,NHÀ MẶT PHỐ,5,4.0,2.0,3.9
48,Quận Thanh Khê,NHÀ TRONG NGÕ,4,4.0,3.0,3.37
40,Quận Thanh Khê,NHÀ TRONG NGÕ,4,2.0,2.0,2.35
204,Quận Ngũ Hành Sơn,"NHÀ BIỆT THỰ, LIỀN KỀ",10,4.0,4.0,14.5
41,Quận Thanh Khê,NHÀ TRONG NGÕ,4,3.0,3.0,3.4
75,Quận Hải Châu,NHÀ MẶT PHỐ,4,3.0,2.0,6.09
33,Quận Hải Châu,NHÀ TRONG NGÕ,3,2.0,2.0,1.99
57,Quận Hải Châu,NHÀ TRONG NGÕ,4,4.0,4.0,0.2565
93,Quận Cẩm Lệ,NHÀ MẶT PHỐ,5,3.0,2.0,7.75
81,Quận Hải Châu,NHÀ MẶT PHỐ,4,2.0,1.0,5.4
50,Quận Thanh Khê,NHÀ TRONG NGÕ,5,3.0,2.0,3.0
63,Quận Sơn Trà,NHÀ MẶT PHỐ,3,2.0,1.0,3.4
52,Quận Hải Châu,NHÀ TRONG NGÕ,4,3.0,4.0,4.95
75,Quận Ngũ Hành Sơn,NHÀ MẶT PHỐ,5,3.0,2.0,8.1
88,Quận Hải Châu,NHÀ MẶT PHỐ,5,4.0,3.0,7.3
129,Quận Sơn Trà,NHÀ MẶT PHỐ,5,3.0,2.0,5.5
70,Quận Hải Châu,NHÀ MẶT PHỐ,4,4.0,2.0,4.6
70,Quận Hải Châu,NHÀ MẶT PHỐ,4,3.0,3.0,4.85
130,Quận Ngũ Hành Sơn,NHÀ TRONG NGÕ,7,3.0,4.0,4.5
86,Quận Ngũ Hành Sơn,NHÀ TRONG NGÕ,6,4.0,2.0,3.2
101,Quận Ngũ Hành Sơn,NHÀ MẶT PHỐ,5,4.0,2.0,5.25
81,Quận Ngũ Hành Sơn,NHÀ MẶT PHỐ,4,2.0,2.0,3.9
160,Quận Sơn Trà,NHÀ MẶT PHỐ,8,3.0,2.0,7.3
56,Quận Ngũ Hành Sơn,NHÀ MẶT PHỐ,5,3.0,3.0,5.3
70,Quận Ngũ Hành Sơn,CĂN HỘ CHUNG CƯ,10,2.0,2.0,2.1
85,Quận Ngũ Hành Sơn,CĂN HỘ CHUNG CƯ,10,2.0,2.0,3.4
85,Quận Ngũ Hành Sơn,CĂN HỘ CHUNG CƯ,10,2.0,2.0,1.7
85,Quận Ngũ Hành Sơn,CĂN HỘ CHUNG CƯ,10,2.0,2.0,2.0
180,Quận Ngũ Hành Sơn,"NHÀ BIỆT THỰ, LIỀN KỀ",9,4.0,3.0,12.0
85,Quận Ngũ Hành Sơn,CĂN HỘ CHUNG CƯ,10,3.0,3.0,1.7
80,Quận Cẩm Lệ,NHÀ MẶT PHỐ,5,3.0,3.0,3.25
43,Quận Ngũ Hành Sơn,CĂN HỘ CHUNG CƯ,10,1.5,1.0,2.0
60,Quận Sơn Trà,CĂN HỘ CHUNG CƯ,5,1.5,1.0,3.6
204,Quận Liên Chiểu,CĂN HỘ CHUNG CƯ,10,2.0,2.0,2.5
120,Quận Hải Châu,NHÀ MẶT PHỐ,4,4.0,4.0,16.0
120,Quận Hải Châu,NHÀ MẶT PHỐ,10,3.0,4.0,16.0
120,Quận Hải Châu,NHÀ MẶT PHỐ,10,4.0,4.0,16.0
204,Quận Ngũ Hành Sơn,"NHÀ BIỆT THỰ, LIỀN KỀ",10,3.0,3.0,7.59
73,Quận Cẩm Lệ,NHÀ MẶT PHỐ,4,2.0,2.0,4.2
71,Quận Liên Chiểu,CĂN HỘ CHUNG CƯ,10,2.0,2.0,0.076
124,Quận Cẩm Lệ,NHÀ TRONG NGÕ,5,3.0,2.0,2.15
50,Quận Hải Châu,NHÀ TRONG NGÕ,4,4.0,3.0,3.6
50,Quận Hải Châu,NHÀ TRONG NGÕ,6,3.0,3.0,4.5
180,Quận Ngũ Hành Sơn,NHÀ MẶT PHỐ,9,3.0,3.0,0.2
90,Quận Thanh Khê,NHÀ MẶT PHỐ,5,3.0,3.0,6.3
204,Quận Ngũ Hành Sơn,NHÀ MẶT PHỐ,10,5.5,7.0,4.8
75,Quận Thanh Khê,NHÀ TRONG NGÕ,5,4.0,5.0,4.3
52,Quận Sơn Trà,NHÀ MẶT PHỐ,5,3.0,3.0,4.65
60,Quận Hải Châu,NHÀ MẶT PHỐ,5,2.0,2.0,4.32
125,Quận Ngũ Hành Sơn,NHÀ MẶT PHỐ,5,4.0,5.0,7.6
52,Quận Sơn Trà,NHÀ MẶT PHỐ,5,2.0,2.0,3.15
90,Quận Ngũ Hành Sơn,NHÀ MẶT PHỐ,5,4.0,5.0,5.55
75,Quận Sơn Trà,NHÀ MẶT PHỐ,5,3.0,3.0,4.6
52,Quận Ngũ Hành Sơn,NHÀ MẶT PHỐ,5,2.0,2.0,3.15
90,Quận Sơn Trà,NHÀ MẶT PHỐ,5,2.0,2.0,4.6
60,Quận Liên Chiểu,NHÀ TRONG NGÕ,4,3.0,3.0,3.35
85,Quận Liên Chiểu,NHÀ MẶT PHỐ,5,2.0,2.0,3.99
32,Quận Hải Châu,NHÀ TRONG NGÕ,3,2.0,2.0,2.07
