Giá nhà,Diện tích (m^2),Khu vực,Mô tả vị trí,Mặt tiền (m),Số phòng ngủ,WC
7.4 Tỷ,100,"Phường An Hải Bắc, Quận Sơn Trà",Nhà mặt phố,5,3.0,2.0
212.1 Tỷ,4242,"Phường An Hải Tây, Quận Sơn Trà",Căn hộ chung cư,4242,,
2500 Tỷ,4242,"Phường An Hải Tây, Quận Sơn Trà",Căn hộ chung cư,4242,,
70 Triệu,4242,"Phường An Hải Tây, Quận Sơn Trà",Căn hộ chung cư,4252,,
212.1 Tỷ,4242,"Phường An Hải Tây, Quận Sơn Trà",Căn hộ chung cư,4242,11.0,11.0
70 Triệu,4242,"Phường An Hải Tây, Quận Sơn Trà",Căn hộ chung cư,4242,11.0,11.0
3800 Tỷ,100,"Phường Hòa Quý, Quận Ngũ Hành Sơn",Nhà đất thổ cư,5,3.0,2.0
5.8 Tỷ,100,"Phường Hòa Minh, Quận Liên Chiểu",Nhà đất thổ cư,5,4.0,4.0
5.9 Tỷ,81,"Phường Thanh Khê Tây, Quận Thanh Khê",Nhà đất thổ cư,5,3.0,2.0
2.45 Tỷ,40,"Phường Tam Thuận, Quận Thanh Khê",Nhà đất thổ cư,3,3.0,3.0
2.4 Tỷ,72,"Phường Chính Gián, Quận Thanh Khê",Nhà đất thổ cư,5,3.0,
22 Tỷ,250,"Phường An Hải Tây, Quận Sơn Trà","Nhà biệt thự, liền kề",10,4.0,6.0
3.3 Tỷ,55,"Phường Nam Dương, Quận Hải Châu",Nhà đất thổ cư,4,3.0,2.0
4.97 Tỷ,70,"Phường Hòa Cường Nam, Quận Hải Châu",Nhà mặt phố,4,3.0,2.0
2.99 Tỷ,43,"Phường Bình Hiên, Quận Hải Châu",Nhà đất thổ cư,5,2.0,2.0
13.75 Tỷ,76,"Phường Bình Thuận, Quận Hải Châu",Nhà mặt phố,3,4.0,3.0
16 Tỷ,113,"Phường Hòa Thuận Tây, Quận Hải Châu",Nhà mặt phố,11,4.0,5.0
9.5 Tỷ,100,"Phường Hòa Khê, Quận Thanh Khê",Nhà mặt phố,5,4.0,5.0
5.79 Tỷ,75,"Phường Chính Gián, Quận Thanh Khê",Nhà mặt phố,5,4.0,4.0
4.6 Tỷ,76,"Phường Chính Gián, Quận Thanh Khê",Nhà đất thổ cư,5,3.0,2.0
5 Tỷ,100,"Phường An Hải Tây, Quận Sơn Trà",Căn hộ chung cư,1600,,
5.9 Tỷ,92,"Phường Hòa Cường Bắc, Quận Hải Châu",Nhà đất thổ cư,5,3.0,3.0
3.69 Tỷ,100,"Phường Nại Hiên Đông, Quận Sơn Trà",Nhà mặt phố,5,2.0,1.0
18 Tỷ,140,"Phường An Hải Tây, Quận Sơn Trà",Nhà mặt phố,5,8.0,10.0
3.7 Tỷ,68,"Phường Thạc Gián, Quận Thanh Khê",Nhà trong ngõ,3,5.0,2.0
20 Tỷ,120,"Phường Mỹ An, Quận Ngũ Hành Sơn",Nhà mặt phố,8,11.0,11.0
5.28 Tỷ,207,"Phường Hòa Cường Nam, Quận Hải Châu",Nhà đất thổ cư,10,11.0,11.0
5.75 Tỷ,100,"Phường Hòa Minh, Quận Liên Chiểu",Nhà mặt phố,5,3.0,3.0
8.2 Tỷ,57,"Phường Hòa Khê, Quận Thanh Khê",Nhà mặt phố,5,4.0,5.0
3.55 Tỷ,90,"Xã Hòa Châu, Huyện Hòa Vang",Nhà mặt phố,5,3.0,3.0
12 Tỷ,250,"Phường Hòa Xuân, Quận Cẩm Lệ","Nhà biệt thự, liền kề",10,,
572.33 Triệu,94,"Phường An Hải Bắc, Quận Sơn Trà",Nhà đất thổ cư,4,3.0,4.0
5.2 Tỷ,80,"Phường Thọ Quang, Quận Sơn Trà",Nhà đất thổ cư,5,4.0,4.0
20 Tỷ,300,"Phường Hòa Hải, Quận Ngũ Hành Sơn","Nhà biệt thự, liền kề",15,5.0,5.0
12 Tỷ,345,"Phường Hòa Hải, Quận Ngũ Hành Sơn","Nhà biệt thự, liền kề",15,4.0,4.0
12 Tỷ,350,"Phường Hòa Hải, Quận Ngũ Hành Sơn","Nhà biệt thự, liền kề",15,4.0,4.0
20 Tỷ,300,"Phường Hòa Hải, Quận Ngũ Hành Sơn","Nhà biệt thự, liền kề",15,5.0,5.0
12 Tỷ,345,"Phường Hòa Hải, Quận Ngũ Hành Sơn","Nhà biệt thự, liền kề",15,4.0,4.0
12 Tỷ,350,"Phường Hòa Hải, Quận Ngũ Hành Sơn","Nhà biệt thự, liền kề",15,3.0,4.0
12 Tỷ,350,"Phường Hòa Hải, Quận Ngũ Hành Sơn","Nhà biệt thự, liền kề",15,3.0,4.0
12 Tỷ,345,"Phường Hòa Hải, Quận Ngũ Hành Sơn","Nhà biệt thự, liền kề",15,4.0,4.0
4.14 Tỷ,345,"Phường Hòa Hải, Quận Ngũ Hành Sơn","Nhà biệt thự, liền kề",15,4.0,4.0
12 Tỷ,350,"Phường Hòa Hải, Quận Ngũ Hành Sơn","Nhà biệt thự, liền kề",15,4.0,4.0
11.5 Tỷ,120,"Phường Hòa Cường Nam, Quận Hải Châu",Nhà mặt phố,6,4.0,4.0
20.3 Tỷ,300,"Phường Hòa Hải, Quận Ngũ Hành Sơn","Nhà biệt thự, liền kề",15,5.0,5.0
12 Tỷ,345,"Phường Hòa Hải, Quận Ngũ Hành Sơn","Nhà biệt thự, liền kề",15,4.0,4.0
14 Tỷ,350,"Phường Hòa Hải, Quận Ngũ Hành Sơn","Nhà biệt thự, liền kề",15,4.0,4.0
22 Tỷ,200,"Phường Hải Châu I, Quận Hải Châu","Nhà biệt thự, liền kề",10,4.0,4.0
12 Tỷ,345,"Phường Hòa Hải, Quận Ngũ Hành Sơn","Nhà biệt thự, liền kề",15,4.0,4.0
12.2 Tỷ,345,"Phường Hòa Hải, Quận Ngũ Hành Sơn","Nhà biệt thự, liền kề",15,4.0,4.0
12 Tỷ,350,"Phường Hòa Hải, Quận Ngũ Hành Sơn","Nhà biệt thự, liền kề",15,4.0,4.0
11.5 Tỷ,120,"Phường Hòa Cường Nam, Quận Hải Châu",Nhà mặt phố,6,4.0,4.0
12.8 Tỷ,345,"Phường Hòa Hải, Quận Ngũ Hành Sơn","Nhà biệt thự, liền kề",15,4.0,5.0
11.38 Tỷ,345,"Phường Hòa Hải, Quận Ngũ Hành Sơn","Nhà biệt thự, liền kề",15,4.0,4.0
12 Tỷ,345,"Phường Hòa Hải, Quận Ngũ Hành Sơn","Nhà biệt thự, liền kề",15,4.0,4.0
4.14 Tỷ,345,"Phường Hòa Hải, Quận Ngũ Hành Sơn","Nhà biệt thự, liền kề",15,4.0,4.0
17 Tỷ,100,"Phường Mỹ An, Quận Ngũ Hành Sơn","Nhà biệt thự, liền kề",5,11.0,11.0
12 Tỷ,213,"Phường An Hải Đông, Quận Sơn Trà",Nhà đất thổ cư,8,1.0,1.0
5.5 Tỷ,86,"Phường Khuê Trung, Quận Cẩm Lệ",Nhà mặt phố,4,,
12 Tỷ,350,"Phường Hòa Hải, Quận Ngũ Hành Sơn","Nhà biệt thự, liền kề",15,4.0,4.0
15 Tỷ,100,"Phường Hòa Cường Nam, Quận Hải Châu",Nhà đất thổ cư,5,4.0,5.0
18 Tỷ,119,"Phường Thạch Thang, Quận Hải Châu",Nhà mặt phố,4,4.0,4.0
200 Triệu,200,"Phường Khuê Mỹ, Quận Ngũ Hành Sơn",Nhà đất thổ cư,10,4.0,3.0
7.05 Tỷ,142,"Phường Khuê Mỹ, Quận Ngũ Hành Sơn","Nhà biệt thự, liền kề",8,3.0,2.0
18.5 Tỷ,105,"Phường Phước Mỹ, Quận Sơn Trà",Nhà mặt phố,5,11.0,11.0
19 Tỷ,125,"Phường Mỹ An, Quận Ngũ Hành Sơn",Nhà mặt phố,7,10.0,11.0
250 Tỷ,63,"Phường Hòa Khánh Bắc, Quận Liên Chiểu",Nhà trong ngõ,4,2.0,2.0
36 Tỷ,93,"Phường Hòa Minh, Quận Liên Chiểu",Nhà đất thổ cư,8,3.0,2.0
36 Tỷ,93,"Phường Hòa Minh, Quận Liên Chiểu",Nhà đất thổ cư,8,3.0,2.0
2.05 Tỷ,91,"Phường Hòa Khánh Nam, Quận Liên Chiểu",Nhà đất thổ cư,4,2.0,1.0
1.92 Tỷ,90,"Phường Hòa An, Quận Cẩm Lệ",Nhà trong ngõ,5,2.0,
5.9 Tỷ,81,"Phường Hòa Khê, Quận Thanh Khê",Nhà mặt phố,4,4.0,4.0
1.89 Tỷ,74,"Phường Hòa Khánh Bắc, Quận Liên Chiểu",Nhà đất thổ cư,15,4.0,3.0
4.7 Tỷ,55,"Phường Hải Châu I, Quận Hải Châu",Nhà mặt phố,5,4.0,4.0
3.15 Tỷ,52,"Phường Hòa An, Quận Cẩm Lệ",Nhà đất thổ cư,5,3.0,3.0
11.3 Tỷ,113,"Phường Thanh Bình, Quận Hải Châu",Nhà mặt phố,9,4.0,3.0
5.5 Tỷ,98,"Phường Khuê Trung, Quận Cẩm Lệ",Nhà mặt phố,5,3.0,3.0
4.2 Tỷ,50,"Phường Hòa Cường Bắc, Quận Hải Châu",Nhà đất thổ cư,6,4.0,3.0
9 Tỷ,98,"Phường Mỹ An, Quận Ngũ Hành Sơn",Nhà mặt phố,4,10.0,10.0
7.5 Tỷ,300,"Phường Mỹ An, Quận Ngũ Hành Sơn",Nhà mặt phố,5,3.0,3.0
7 Tỷ,99,"Phường Mỹ An, Quận Ngũ Hành Sơn",Căn hộ chung cư,9,3.0,3.0
5.6 Tỷ,105,"Phường Hòa Khê, Quận Thanh Khê",Nhà mặt phố,6,,
5 Tỷ,88,"Phường Mỹ An, Quận Ngũ Hành Sơn",Căn hộ chung cư,8,3.0,3.0
19 Tỷ,300,"Phường Hòa Hải, Quận Ngũ Hành Sơn","Nhà biệt thự, liền kề",15,5.0,5.0
46 Tỷ,720,"Phường Mỹ An, Quận Ngũ Hành Sơn",Nhà đất thổ cư,20,1.0,1.0
5.3 Tỷ,81,"Phường An Khê, Quận Thanh Khê",Nhà đất thổ cư,4,4.0,3.0
42 Tỷ,720,"Phường Mỹ An, Quận Ngũ Hành Sơn",Nhà đất thổ cư,20,1.0,1.0
4.39 Tỷ,54,"Phường Bình Hiên, Quận Hải Châu",Nhà trong ngõ,4,3.0,3.0
3.45 Tỷ,56,"Phường Hòa Cường Nam, Quận Hải Châu",Nhà mặt phố,4,2.0,1.0
5 Tỷ,180,"Phường Hòa Cường Bắc, Quận Hải Châu",Nhà mặt phố,6,3.0,2.0
2980 Tỷ,80,"Phường Hòa Minh, Quận Liên Chiểu",Nhà trong ngõ,6,3.0,3.0
5 Tỷ,83,"Phường Mỹ An, Quận Ngũ Hành Sơn",Căn hộ chung cư,9,3.0,3.0
325 Tỷ,73,"Phường Hòa Minh, Quận Liên Chiểu",Nhà mặt phố,4,3.0,3.0
3350 Tỷ,50,"Phường Thanh Bình, Quận Hải Châu",Nhà trong ngõ,5,3.0,3.0
4 Tỷ,63,"Phường Hòa Cường Nam, Quận Hải Châu",Nhà mặt phố,4,2.0,2.0
2.45 Tỷ,60,"Phường Hòa Minh, Quận Liên Chiểu",Nhà đất thổ cư,5,3.0,2.0
20 Tỷ,140,"Phường Mỹ An, Quận Ngũ Hành Sơn","Nhà biệt thự, liền kề",5,7.0,7.0
5 Tỷ,123,"Phường Hòa Xuân, Quận Cẩm Lệ",Nhà đất thổ cư,5,4.0,4.0
13.5 Tỷ,59,"Phường Thạch Thang, Quận Hải Châu",Nhà mặt phố,4,,
9.1 Tỷ,110,"Phường Hòa Cường Bắc, Quận Hải Châu",Nhà mặt phố,6,3.0,3.0
27 Tỷ,207,"Phường Hòa Cường Nam, Quận Hải Châu",Nhà đất thổ cư,10,11.0,11.0
2.9 Tỷ,90,"Phường An Khê, Quận Thanh Khê",Nhà trong ngõ,5,2.0,2.0
7 Tỷ,140,"Phường Hòa Thuận Tây, Quận Hải Châu",Condotel,6,5.0,5.0
616 Triệu,88,"Phường Hòa Cường Bắc, Quận Hải Châu",Nhà mặt phố,5,4.0,4.0
2 Tỷ,43,"Phường Bình Thuận, Quận Hải Châu",Nhà trong ngõ,5,2.0,2.0
4 Tỷ,65,"Phường Tam Thuận, Quận Thanh Khê",Nhà trong ngõ,5,3.0,3.0
2.8 Tỷ,101,"Phường An Hải Đông, Quận Sơn Trà",Nhà đất thổ cư,8,2.0,2.0
4.4 Tỷ,200,"Phường Hải Châu I, Quận Hải Châu",Nhà mặt phố,6,4.0,5.0
7 Tỷ,99,"Phường Mỹ An, Quận Ngũ Hành Sơn","Nhà biệt thự, liền kề",9,3.0,3.0
4.2 Tỷ,50,"Phường Hòa Cường Bắc, Quận Hải Châu",Nhà mặt phố,7,3.0,3.0
4 Tỷ,106,"Phường Hải Châu II, Quận Hải Châu",Nhà mặt phố,7,2.0,1.0
3.55 Tỷ,90,"Xã Hòa Châu, Huyện Hòa Vang",Nhà đất thổ cư,5,3.0,3.0
7 Tỷ,83,"Phường Mỹ An, Quận Ngũ Hành Sơn","Nhà biệt thự, liền kề",9,3.0,3.0
3 Tỷ,50,"Phường Mỹ An, Quận Ngũ Hành Sơn","Nhà biệt thự, liền kề",7,2.0,2.0
245 Tỷ,90,"Phường Hòa Khánh Nam, Quận Liên Chiểu",Nhà trong ngõ,4,3.0,3.0
6.5 Tỷ,90,"Phường Hòa Minh, Quận Liên Chiểu",Nhà mặt phố,5,4.0,4.0
3.45 Tỷ,80,"Phường Thanh Khê Tây, Quận Thanh Khê",Nhà đất thổ cư,5,3.0,3.0
12.9 Tỷ,170,"Phường Hòa Khê, Quận Thanh Khê","Nhà biệt thự, liền kề",10,4.0,6.0
6 Tỷ,99,"Phường Mỹ An, Quận Ngũ Hành Sơn","Nhà biệt thự, liền kề",8,3.0,3.0
2.75 Tỷ,75,"Phường Chính Gián, Quận Thanh Khê",Nhà đất thổ cư,5,3.0,2.0
2.15 Tỷ,90,"Phường Hòa An, Quận Cẩm Lệ",Nhà đất thổ cư,5,2.0,1.0
2.75 Tỷ,75,"Phường Chính Gián, Quận Thanh Khê",Nhà đất thổ cư,5,3.0,2.0
2.7 Tỷ,50,"Phường An Khê, Quận Thanh Khê",Nhà trong ngõ,4,2.0,2.0
6 Tỷ,70,"Phường An Hải Tây, Quận Sơn Trà",Căn hộ chung cư,100,2.0,2.0
3.55 Tỷ,90,"Xã Hòa Châu, Huyện Hòa Vang",Nhà mặt phố,5,3.0,3.0
4.55 Tỷ,80,"Phường Hòa Minh, Quận Liên Chiểu",Nhà mặt phố,5,3.0,4.0
25 Tỷ,80,"Phường Hòa Hiệp Nam, Quận Liên Chiểu",Nhà mặt phố,4,3.0,2.0
6.9 Tỷ,86,"Phường An Hải Đông, Quận Sơn Trà",Nhà mặt phố,5,2.0,2.0
4.45 Tỷ,100,"Phường Hòa Xuân, Quận Cẩm Lệ",Nhà mặt phố,5,4.0,3.0
4.3 Tỷ,80,"Phường Hòa Thọ Đông, Quận Cẩm Lệ",Nhà mặt phố,5,4.0,3.0
5 Tỷ,69,"Phường Mỹ An, Quận Ngũ Hành Sơn","Nhà biệt thự, liền kề",8,3.0,3.0
3.64 Tỷ,82,"Phường Khuê Mỹ, Quận Ngũ Hành Sơn",Căn hộ chung cư,55,2.0,2.0
6 Tỷ,75,"Phường Thanh Khê Tây, Quận Thanh Khê",Nhà đất thổ cư,5,3.0,5.0
6 Tỷ,99,"Phường Mỹ An, Quận Ngũ Hành Sơn","Nhà biệt thự, liền kề",8,3.0,3.0
12 Tỷ,407,"Phường Hòa Hải, Quận Ngũ Hành Sơn","Nhà biệt thự, liền kề",15,4.0,4.0
2.75 Tỷ,43,"Phường Bình Thuận, Quận Hải Châu",Nhà trong ngõ,5,3.0,2.0
9 Tỷ,98,"Phường Bình Hiên, Quận Hải Châu",Nhà mặt phố,4,8.0,5.0
6.45 Tỷ,105,"Phường An Khê, Quận Thanh Khê",Nhà đất thổ cư,5,4.0,4.0
3.9 Tỷ,90,"Phường Hòa An, Quận Cẩm Lệ",Nhà mặt phố,5,3.0,2.0
2.35 Tỷ,60,"Phường Hòa Minh, Quận Liên Chiểu",Nhà đất thổ cư,5,3.0,
14 Tỷ,400,"Phường Hòa Hải, Quận Ngũ Hành Sơn","Nhà biệt thự, liền kề",15,3.0,4.0
3 Tỷ,55,"Phường Khuê Trung, Quận Cẩm Lệ",Căn hộ chung cư,5,3.0,4.0
3 Tỷ,88,"Phường Hòa Xuân, Quận Cẩm Lệ",Nhà đất thổ cư,5,3.0,2.0
650 Triệu,100,"Phường An Hải Bắc, Quận Sơn Trà",Nhà mặt phố,5,3.0,2.0
4.85 Tỷ,61,"Phường Hòa Cường Bắc, Quận Hải Châu",Nhà mặt phố,5,3.0,3.0
2.55 Tỷ,82,"Phường Mân Thái, Quận Sơn Trà",Nhà đất thổ cư,5,1.0,1.0
20 Tỷ,140,"Phường Mỹ An, Quận Ngũ Hành Sơn","Nhà biệt thự, liền kề",5,7.0,7.0
1.17 Tỷ,98,"Phường Hòa Quý, Quận Ngũ Hành Sơn",Nhà đất thổ cư,5,1.0,1.0
5.5 Tỷ,88,"Phường An Khê, Quận Thanh Khê",Nhà mặt phố,2,,
2.6 Tỷ,25,"Phường An Hải Tây, Quận Sơn Trà",Căn hộ chung cư,100,1.0,1.0
5.3 Tỷ,102,"Phường Hòa Quý, Quận Ngũ Hành Sơn",Nhà mặt phố,5,3.0,3.0
6 Tỷ,99,"Phường Mỹ An, Quận Ngũ Hành Sơn","Nhà biệt thự, liền kề",7,3.0,3.0
14.3 Tỷ,100,"Phường Hòa Khê, Quận Thanh Khê",Nhà mặt phố,5,4.0,5.0
22.5 Tỷ,525,"Phường Hòa Xuân, Quận Cẩm Lệ","Nhà biệt thự, liền kề",15,,
6.8 Tỷ,160,"Phường Hòa Minh, Quận Liên Chiểu",Nhà mặt phố,5,3.0,2.0
9.5 Tỷ,150,"Phường Hòa Minh, Quận Liên Chiểu",Nhà mặt phố,9,2.0,1.0
6 Tỷ,100,"Phường Mỹ An, Quận Ngũ Hành Sơn","Nhà biệt thự, liền kề",8,3.0,3.0
5.2 Tỷ,56,"Phường Bình Hiên, Quận Hải Châu",Nhà trong ngõ,4,2.0,2.0
23.5 Tỷ,135,"Phường Bình Hiên, Quận Hải Châu",Nhà mặt phố,4,6.0,4.0
6.5 Tỷ,90,"Phường Mân Thái, Quận Sơn Trà",Nhà mặt phố,5,3.0,2.0
28.5 Tỷ,125,"Phường Hòa Cường Bắc, Quận Hải Châu",Nhà mặt phố,5,6.0,
145 Triệu,451,"Phường Thuận Phước, Quận Hải Châu",Nhà mặt phố,12,3.0,1.0
6.8 Tỷ,142,"Phường Khuê Trung, Quận Cẩm Lệ",Nhà mặt phố,5,,
10.5 Tỷ,101,"Phường Hòa Minh, Quận Liên Chiểu",Nhà mặt phố,4,3.0,4.0
5.9 Tỷ,100,"Phường Hòa Khê, Quận Thanh Khê",Nhà mặt phố,5,4.0,2.0
9 Tỷ,60,"Phường Bình Hiên, Quận Hải Châu",Nhà mặt phố,4,3.0,2.0
18 Tỷ,148,"Phường An Hải Bắc, Quận Sơn Trà",Nhà mặt phố,5,4.0,3.0
44.9 Tỷ,300,"Phường Bình Hiên, Quận Hải Châu",Nhà mặt phố,7,,
7.2 Tỷ,200,"Phường Hòa An, Quận Cẩm Lệ",Nhà mặt phố,10,2.0,1.0
50 Tỷ,400,"Phường Hòa Cường Bắc, Quận Hải Châu","Nhà biệt thự, liền kề",16,,
18.5 Tỷ,180,"Phường Thanh Bình, Quận Hải Châu","Nhà biệt thự, liền kề",8,6.0,5.0
3.19 Tỷ,150,"Phường Phước Ninh, Quận Hải Châu",Nhà đất thổ cư,6,3.0,3.0
6 Tỷ,99,"Phường Mỹ An, Quận Ngũ Hành Sơn","Nhà biệt thự, liền kề",8,3.0,3.0
5.6 Tỷ,100,"Phường An Hải Tây, Quận Sơn Trà",Nhà mặt phố,5,3.0,3.0
8.5 Tỷ,159,"Phường Hòa Hải, Quận Ngũ Hành Sơn","Nhà biệt thự, liền kề",6,6.0,7.0
1750 Tỷ,65,"Phường Hòa An, Quận Cẩm Lệ",Nhà đất thổ cư,6,2.0,1.0
4.4 Tỷ,120,"Phường Mỹ An, Quận Ngũ Hành Sơn",Nhà mặt phố,6,4.0,
2.35 Tỷ,41,"Phường Chính Gián, Quận Thanh Khê",Nhà trong ngõ,5,1.0,2.0
4 Tỷ,69,"Phường Mỹ An, Quận Ngũ Hành Sơn","Nhà biệt thự, liền kề",7,3.0,3.0
4 Tỷ,69,"Phường Mỹ An, Quận Ngũ Hành Sơn","Nhà biệt thự, liền kề",7,3.0,3.0
23.5 Tỷ,167,"Phường Hòa Cường Nam, Quận Hải Châu","Nhà biệt thự, liền kề",8,5.0,6.0
6 Tỷ,99,"Phường Mỹ An, Quận Ngũ Hành Sơn","Nhà biệt thự, liền kề",7,3.0,3.0
15 Tỷ,120,"Phường Hòa Khánh Bắc, Quận Liên Chiểu",Nhà mặt phố,5,11.0,11.0
28 Tỷ,140,"Phường Mỹ An, Quận Ngũ Hành Sơn","Nhà biệt thự, liền kề",7,8.0,9.0
4 Tỷ,69,"Phường Mỹ An, Quận Ngũ Hành Sơn","Nhà biệt thự, liền kề",8,3.0,3.0
10 Tỷ,99,"Phường Mỹ An, Quận Ngũ Hành Sơn","Nhà biệt thự, liền kề",7,3.0,3.0
17.55 Tỷ,412,"Phường Hòa Cường Nam, Quận Hải Châu","Nhà biệt thự, liền kề",6,3.0,4.0
5 Tỷ,147,"Phường Tam Thuận, Quận Thanh Khê",Nhà trong ngõ,8,6.0,2.0
6 Tỷ,99,"Phường Mỹ An, Quận Ngũ Hành Sơn","Nhà biệt thự, liền kề",9,3.0,3.0
4 Tỷ,57,"Phường Thạc Gián, Quận Thanh Khê",Nhà trong ngõ,5,3.0,3.0
11.8 Tỷ,176,"Phường Hòa Hiệp Nam, Quận Liên Chiểu",Nhà mặt phố,7,2.0,2.0
594 Triệu,99,"Phường Mỹ An, Quận Ngũ Hành Sơn","Nhà biệt thự, liền kề",9,3.0,3.0
3.7 Tỷ,80,"Phường Hòa Minh, Quận Liên Chiểu",Nhà đất thổ cư,5,3.0,3.0
1.95 Tỷ,150,"Xã Hòa Phước, Huyện Hòa Vang",Nhà đất thổ cư,3,2.0,1.0
5 Tỷ,69,"Phường Mỹ An, Quận Ngũ Hành Sơn",Căn hộ chung cư,6,3.0,3.0
900 Triệu,71,"Phường Hòa Hải, Quận Ngũ Hành Sơn",Căn hộ chung cư,6,2.0,2.0
4 Tỷ,69,"Phường Mỹ An, Quận Ngũ Hành Sơn",Căn hộ chung cư,13,3.0,2.0
6 Tỷ,99,"Phường Mỹ An, Quận Ngũ Hành Sơn",Căn hộ chung cư,7,3.0,3.0
8 Tỷ,115,"Phường Khuê Mỹ, Quận Ngũ Hành Sơn",Nhà đất thổ cư,5,1.0,1.0
7.9 Tỷ,102,"Phường Khuê Mỹ, Quận Ngũ Hành Sơn",Nhà đất thổ cư,6,3.0,4.0
2.85 Tỷ,50,"Phường Hòa Khê, Quận Thanh Khê",Nhà đất thổ cư,5,3.0,2.0
35 Tỷ,105,"Phường Vĩnh Trung, Quận Thanh Khê",Nhà mặt phố,5,,
3 Tỷ,140,"Phường Hòa Thuận Tây, Quận Hải Châu",Nhà trong ngõ,7,3.0,3.0
5.9 Tỷ,90,"Phường An Hải Bắc, Quận Sơn Trà",Nhà mặt phố,7,3.0,3.0
20.5 Tỷ,220,"Phường Hòa Cường Nam, Quận Hải Châu","Nhà biệt thự, liền kề",12,4.0,5.0
7.5 Tỷ,240,"Phường Hòa Thọ Đông, Quận Cẩm Lệ",Nhà mặt phố,10,5.0,4.0
67 Tỷ,240,"Phường Bình Hiên, Quận Hải Châu",Căn hộ chung cư,10,11.0,11.0
27 Tỷ,200,"Phường Hòa Cường Nam, Quận Hải Châu",Nhà mặt phố,10,11.0,11.0
9.8 Tỷ,100,"Phường Hòa Cường Nam, Quận Hải Châu",Nhà mặt phố,7,3.0,3.0
4.6 Tỷ,78,"Phường Mỹ An, Quận Ngũ Hành Sơn",Nhà đất thổ cư,5,5.0,4.0
9 Tỷ,55,"Phường Bình Hiên, Quận Hải Châu",Nhà mặt phố,5,,
10.3 Tỷ,45,"Phường Hải Châu II, Quận Hải Châu",Nhà mặt phố,8,5.0,5.0
7.45 Tỷ,99,"Phường An Khê, Quận Thanh Khê",Nhà mặt phố,4,4.0,2.0
11.5 Tỷ,88,"Phường An Khê, Quận Thanh Khê",Nhà mặt phố,4,3.0,3.0
16.5 Tỷ,161,"Phường Thanh Khê Đông, Quận Thanh Khê",Nhà mặt phố,5,4.0,3.0
18 Tỷ,218,"Phường Hòa Thuận Tây, Quận Hải Châu","Nhà biệt thự, liền kề",10,5.0,5.0
12.5 Tỷ,129,"Phường Thanh Khê Tây, Quận Thanh Khê",Nhà mặt phố,6,4.0,5.0
16 Tỷ,195,"Phường Thanh Bình, Quận Hải Châu",Nhà mặt phố,6,4.0,4.0
13.4 Tỷ,94,"Phường Khuê Trung, Quận Cẩm Lệ",Nhà mặt phố,5,4.0,7.0
7.8 Tỷ,100,"Phường Hòa Xuân, Quận Cẩm Lệ",Nhà mặt phố,5,11.0,11.0
3.3 Tỷ,98,"Phường Hòa Thuận Đông, Quận Hải Châu",Nhà trong ngõ,7,4.0,4.0
13.5 Tỷ,63,"Phường Hòa Thuận Tây, Quận Hải Châu",Nhà mặt phố,6,4.0,3.0
7 Tỷ,73,"Phường Phước Mỹ, Quận Sơn Trà",Nhà mặt phố,5,3.0,3.0
3.1 Tỷ,120,"Phường Hòa Quý, Quận Ngũ Hành Sơn",Nhà mặt phố,6,2.0,1.0
4.7 Tỷ,90,"Phường Khuê Mỹ, Quận Ngũ Hành Sơn",Nhà mặt phố,5,2.0,2.0
13.2 Tỷ,152,"Phường Khuê Trung, Quận Cẩm Lệ",Nhà mặt phố,8,4.0,3.0
12 Tỷ,200,"Phường Khuê Trung, Quận Cẩm Lệ",Nhà mặt phố,8,4.0,3.0
7.5 Tỷ,100,"Phường Khuê Trung, Quận Cẩm Lệ",Nhà mặt phố,5,4.0,3.0
5.65 Tỷ,85,"Phường An Hải Đông, Quận Sơn Trà",Nhà trong ngõ,6,4.0,5.0
3.15 Tỷ,85,"Phường Hòa Minh, Quận Liên Chiểu",Nhà mặt phố,5,,
13.8 Tỷ,94,"Phường Hòa Cường Nam, Quận Hải Châu",Nhà đất thổ cư,5,4.0,4.0
5.5 Tỷ,87,"Phường Phước Mỹ, Quận Sơn Trà",Nhà mặt phố,5,,
6.34 Tỷ,90,"Phường Hòa Minh, Quận Liên Chiểu",Nhà mặt phố,5,4.0,4.0
4 Tỷ,120,"Phường Hòa Quý, Quận Ngũ Hành Sơn",Nhà mặt phố,5,,
2.85 Tỷ,100,"Phường Hòa Hải, Quận Ngũ Hành Sơn",Nhà mặt phố,5,4.0,4.0
20.5 Tỷ,193,"Phường An Hải Bắc, Quận Sơn Trà",Nhà mặt phố,9,5.0,5.0
4.6 Tỷ,62,"Phường Mỹ An, Quận Ngũ Hành Sơn",Nhà mặt phố,5,,
4.4 Tỷ,80,"Phường Bình Thuận, Quận Hải Châu",Nhà đất thổ cư,4,3.0,4.0
5.8 Tỷ,69,"Phường Khuê Mỹ, Quận Ngũ Hành Sơn",Nhà mặt phố,5,,
1.99 Tỷ,52,"Phường Xuân Hà, Quận Thanh Khê",Nhà mặt phố,4,2.0,2.0
6.5 Tỷ,80,"Phường An Hải Bắc, Quận Sơn Trà",Nhà đất thổ cư,5,4.0,4.0
1.9 Tỷ,61,"Phường Thanh Khê Đông, Quận Thanh Khê",Nhà mặt phố,5,2.0,2.0
4.5 Tỷ,56,"Phường Hòa Cường Bắc, Quận Hải Châu",Nhà mặt phố,4,3.0,3.0
2.8 Tỷ,53,"Phường Xuân Hà, Quận Thanh Khê",Nhà mặt phố,4,3.0,3.0
5.4 Tỷ,121,"Phường An Hải Bắc, Quận Sơn Trà",Nhà mặt phố,6,7.0,7.0
1.45 Tỷ,70,"Phường Hòa Hải, Quận Ngũ Hành Sơn",Căn hộ chung cư,6,2.0,2.0
1.6 Tỷ,70,"Phường Hòa Hải, Quận Ngũ Hành Sơn",Căn hộ chung cư,7,2.0,2.0
3.05 Tỷ,79,"Phường Hòa Khê, Quận Thanh Khê",Nhà mặt phố,8,5.0,5.0
3150 Tỷ,52,"Phường Thanh Khê Đông, Quận Thanh Khê",Nhà trong ngõ,5,3.0,2.0
3.03 Tỷ,125,"Phường Hòa Quý, Quận Ngũ Hành Sơn",Nhà mặt phố,6,2.0,1.0
3.1 Tỷ,51,"Phường Vĩnh Trung, Quận Thanh Khê",Nhà mặt phố,4,3.0,2.0
14 Tỷ,135,"Phường Hòa Quý, Quận Ngũ Hành Sơn",Nhà mặt phố,6,4.0,4.0
12.5 Tỷ,427,"Phường Hòa Hải, Quận Ngũ Hành Sơn","Nhà biệt thự, liền kề",15,3.0,3.0
12.5 Tỷ,427,"Phường Hòa Hải, Quận Ngũ Hành Sơn","Nhà biệt thự, liền kề",15,3.0,3.0
16 Tỷ,204,"Phường Mỹ An, Quận Ngũ Hành Sơn",Nhà mặt phố,7,5.0,4.0
3.7 Tỷ,90,"Phường An Hải Đông, Quận Sơn Trà",Nhà mặt phố,4,2.0,2.0
3.3 Tỷ,109,"Phường Hòa An, Quận Cẩm Lệ",Nhà mặt phố,5,1.0,1.0
5.2 Tỷ,73,"Phường Hòa Cường Nam, Quận Hải Châu",Nhà đất thổ cư,5,3.0,3.0
4.8 Tỷ,98,"Phường Hòa Khánh Bắc, Quận Liên Chiểu",Nhà mặt phố,5,4.0,2.0
1.65 Tỷ,150,"Xã Hòa Phước, Huyện Hòa Vang",Nhà đất thổ cư,6,2.0,1.0
4.6 Tỷ,65,"Phường Mỹ An, Quận Ngũ Hành Sơn",Nhà mặt phố,5,,
3.8 Tỷ,60,"Phường Xuân Hà, Quận Thanh Khê",Nhà đất thổ cư,4,2.0,2.0
4.5 Tỷ,80,"Phường Hòa An, Quận Cẩm Lệ",Nhà mặt phố,5,3.0,4.0
11 Tỷ,90,"Phường An Hải Tây, Quận Sơn Trà",Nhà mặt phố,5,11.0,11.0
4.2 Tỷ,50,"Phường Bình Thuận, Quận Hải Châu",Nhà trong ngõ,4,3.0,4.0
160 Triệu,438,"Phường Hòa Hải, Quận Ngũ Hành Sơn",Nhà mặt phố,16,1.0,1.0
2.85 Tỷ,100,"Phường Hòa Hải, Quận Ngũ Hành Sơn",Nhà mặt phố,5,3.0,1.0
73 Triệu,50,"Phường Hải Châu II, Quận Hải Châu",Nhà mặt phố,4,3.0,3.0
3 Tỷ,50,"Phường An Khê, Quận Thanh Khê",Căn hộ chung cư,5,3.0,4.0
4.7 Tỷ,100,"Phường Hòa Xuân, Quận Cẩm Lệ",Nhà mặt phố,5,3.0,2.0
8.25 Tỷ,116,"Phường An Hải Bắc, Quận Sơn Trà",Căn hộ chung cư,5,8.0,9.0
6.2 Tỷ,94,"Phường Mỹ An, Quận Ngũ Hành Sơn",Nhà mặt phố,5,,
4.15 Tỷ,70,"Phường Nam Dương, Quận Hải Châu",Nhà trong ngõ,5,5.0,3.0
3.9 Tỷ,66,"Phường Hòa Cường Nam, Quận Hải Châu",Nhà đất thổ cư,5,3.0,2.0
700 Triệu,70,"Phường Hòa Hải, Quận Ngũ Hành Sơn",Căn hộ chung cư,7,2.0,2.0
4.25 Tỷ,73,"Phường Hòa Cường Bắc, Quận Hải Châu",Nhà đất thổ cư,4,2.0,1.0
4.8 Triệu,240,"Phường Thọ Quang, Quận Sơn Trà",Nhà mặt phố,4,11.0,11.0
1.6 Tỷ,70,"Phường Hòa Hải, Quận Ngũ Hành Sơn",Căn hộ chung cư,2,2.0,2.0
3.55 Tỷ,183,"Phường Hòa Khê, Quận Thanh Khê",Nhà mặt phố,4,3.0,4.0
8 Tỷ,115,"Phường Khuê Mỹ, Quận Ngũ Hành Sơn",Nhà mặt phố,5,1.0,1.0
2.6 Tỷ,110,"Phường Hòa Quý, Quận Ngũ Hành Sơn",Nhà mặt phố,5,2.0,1.0
2.75 Tỷ,105,"Phường Hòa Minh, Quận Liên Chiểu",Nhà mặt phố,7,1.0,2.0
3.8 Tỷ,105,"Phường Hòa Quý, Quận Ngũ Hành Sơn",Nhà mặt phố,5,3.0,2.0
3.7 Tỷ,55,"Phường Hòa Thuận Đông, Quận Hải Châu",Nhà trong ngõ,6,3.0,3.0
10.4 Tỷ,215,"Phường Hòa Cường Bắc, Quận Hải Châu",Nhà trong ngõ,14,4.0,4.0
3.2 Tỷ,50,"Phường Bình Thuận, Quận Hải Châu",Nhà đất thổ cư,4,3.0,4.0
5.4 Tỷ,59,"Phường Hải Châu I, Quận Hải Châu",Nhà đất thổ cư,5,3.0,4.0
3.95 Tỷ,60,"Phường Chính Gián, Quận Thanh Khê",Nhà trong ngõ,5,4.0,
1.6 Tỷ,71,"Phường Hòa Hải, Quận Ngũ Hành Sơn",Căn hộ chung cư,6,2.0,1.0
2.85 Tỷ,50,"Phường Vĩnh Trung, Quận Thanh Khê",Nhà đất thổ cư,5,2.0,
3.5 Tỷ,50,"Phường Thạch Thang, Quận Hải Châu",Nhà trong ngõ,6,4.0,
5.3 Tỷ,100,"Phường Khuê Trung, Quận Cẩm Lệ",Nhà đất thổ cư,5,4.0,3.0
20 Tỷ,300,"Phường Hòa Hải, Quận Ngũ Hành Sơn","Nhà biệt thự, liền kề",15,5.0,5.0
14 Tỷ,350,"Phường Hòa Hải, Quận Ngũ Hành Sơn","Nhà biệt thự, liền kề",15,4.0,4.0
3.2 Tỷ,56,"Phường Hòa Cường Nam, Quận Hải Châu",Nhà mặt phố,4,3.0,
9.5 Tỷ,63,"Phường Hải Châu I, Quận Hải Châu",Nhà mặt phố,10,9.0,11.0
6.5 Tỷ,83,"Phường Hải Châu I, Quận Hải Châu",Nhà đất thổ cư,5,3.0,3.0
4.05 Tỷ,85,"Phường Chính Gián, Quận Thanh Khê",Nhà trong ngõ,3,3.0,3.0
11.73 Tỷ,345,"Phường Hòa Hải, Quận Ngũ Hành Sơn","Nhà biệt thự, liền kề",15,4.0,4.0
4.8 Tỷ,150,"Phường Hòa Khánh Bắc, Quận Liên Chiểu",Nhà đất thổ cư,5,3.0,4.0
2.5 Tỷ,130,"Phường Hòa An, Quận Cẩm Lệ",Nhà trong ngõ,6,2.0,1.0
12.2 Tỷ,350,"Phường Hòa Hải, Quận Ngũ Hành Sơn","Nhà biệt thự, liền kề",15,4.0,4.0
4.07 Tỷ,345,"Phường Phước Mỹ, Quận Sơn Trà","Nhà biệt thự, liền kề",15,4.0,4.0
4.68 Tỷ,120,"Phường Hòa Khánh Bắc, Quận Liên Chiểu",Nhà đất thổ cư,1,1.0,2.0
2.75 Tỷ,118,"Xã Hòa Phước, Huyện Hòa Vang",Nhà mặt phố,5,3.0,2.0
6.2 Tỷ,55,"Phường Xuân Hà, Quận Thanh Khê",Nhà mặt phố,5,3.0,3.0
3.56 Tỷ,176,"Phường Bình Hiên, Quận Hải Châu",Nhà mặt phố,6,,
3.2 Tỷ,55,"Phường An Hải Bắc, Quận Sơn Trà",Nhà mặt phố,5,2.0,
11.5 Tỷ,123,"Phường An Hải Bắc, Quận Sơn Trà",Nhà mặt phố,5,,
11.9 Tỷ,90,"Phường Hòa Hải, Quận Ngũ Hành Sơn",Nhà mặt phố,5,4.0,4.0
10.5 Tỷ,75,"Phường An Khê, Quận Thanh Khê",Nhà mặt phố,5,,
7 Tỷ,73,"Phường Vĩnh Trung, Quận Thanh Khê",Nhà mặt phố,4,,
4.15 Tỷ,63,"Phường Thanh Khê Đông, Quận Thanh Khê",Nhà mặt phố,5,4.0,4.0
3.6 Tỷ,88,"Phường Hòa Thọ Đông, Quận Cẩm Lệ",Nhà mặt phố,5,,
3.45 Tỷ,85,"Phường Hòa Minh, Quận Liên Chiểu",Nhà mặt phố,5,3.0,3.0
4.1 Tỷ,56,"Phường Thanh Khê Đông, Quận Thanh Khê",Nhà trong ngõ,5,4.0,4.0
3.5 Tỷ,44,"Phường Tân Chính, Quận Thanh Khê",Nhà đất thổ cư,6,4.0,4.0
1.7 Tỷ,70,"Phường Hòa Hải, Quận Ngũ Hành Sơn",Căn hộ chung cư,7,2.0,2.0
12 Tỷ,120,"Phường Hòa Cường Nam, Quận Hải Châu","Nhà biệt thự, liền kề",6,,
11.5 Tỷ,150,"Phường Hòa Cường Nam, Quận Hải Châu",Nhà mặt phố,6,8.0,9.0
12 Tỷ,350,"Phường Hòa Hải, Quận Ngũ Hành Sơn","Nhà biệt thự, liền kề",15,4.0,4.0
11.5 Tỷ,120,"Phường Hải Châu I, Quận Hải Châu",Nhà mặt phố,6,4.0,4.0
3.5 Tỷ,72,"Phường Bình Hiên, Quận Hải Châu",Nhà trong ngõ,4,,
3.5 Tỷ,40,"Phường Bình Hiên, Quận Hải Châu",Nhà trong ngõ,7,,
3.4 Tỷ,72,"Phường Hòa Cường Bắc, Quận Hải Châu",Nhà mặt phố,4,2.0,2.0
500 Triệu,71,"Phường Hòa Hải, Quận Ngũ Hành Sơn",Căn hộ chung cư,33,2.0,2.0
11.5 Tỷ,120,"Phường Hải Châu I, Quận Hải Châu",Nhà mặt phố,6,4.0,4.0
8.5 Tỷ,78,"Phường Bình Hiên, Quận Hải Châu",Nhà trong ngõ,7,3.0,4.0
570 Triệu,71,"Phường Hòa Hải, Quận Ngũ Hành Sơn",Căn hộ chung cư,25,2.0,2.0
560 Triệu,71,"Phường Hòa Hải, Quận Ngũ Hành Sơn",Căn hộ chung cư,40,2.0,2.0
21 Tỷ,300,"Phường Hòa Hải, Quận Ngũ Hành Sơn","Nhà biệt thự, liền kề",15,4.0,4.0
12 Tỷ,350,"Phường Hòa Hải, Quận Ngũ Hành Sơn","Nhà biệt thự, liền kề",15,4.0,4.0
11.5 Tỷ,120,"Phường Hải Châu I, Quận Hải Châu",Nhà mặt phố,6,4.0,4.0
11 Tỷ,120,"Phường Hải Châu I, Quận Hải Châu",Nhà mặt phố,6,4.0,4.0
2.75 Tỷ,118,"Xã Hòa Phước, Huyện Hòa Vang",Nhà mặt phố,5,3.0,2.0
2.65 Tỷ,50,"Phường Nam Dương, Quận Hải Châu",Nhà đất thổ cư,4,3.0,2.0
18.5 Tỷ,300,"Phường Khuê Mỹ, Quận Ngũ Hành Sơn","Nhà biệt thự, liền kề",15,1.0,1.0
28.5 Tỷ,471,"Phường Hòa Hải, Quận Ngũ Hành Sơn","Nhà biệt thự, liền kề",25,4.0,4.0
14 Tỷ,350,"Phường Phước Mỹ, Quận Sơn Trà","Nhà biệt thự, liền kề",15,4.0,4.0
14 Tỷ,350,"Phường An Hải Bắc, Quận Sơn Trà","Nhà biệt thự, liền kề",15,4.0,4.0
12 Tỷ,350,"Phường Hòa Hải, Quận Ngũ Hành Sơn","Nhà biệt thự, liền kề",15,4.0,4.0
11 Tỷ,120,"Phường Hải Châu I, Quận Hải Châu",Nhà mặt phố,6,4.0,4.0
2.7 Tỷ,105,"Phường Hòa Minh, Quận Liên Chiểu",Nhà mặt phố,5,1.0,2.0
5.8 Tỷ,81,"Phường Hòa Cường Nam, Quận Hải Châu",Nhà mặt phố,4,4.0,5.0
1 Tỷ,120,"Phường Hòa Khánh Bắc, Quận Liên Chiểu",Nhà đất thổ cư,5,1.0,1.0
4.25 Tỷ,337,"Phường Hòa Hải, Quận Ngũ Hành Sơn","Nhà biệt thự, liền kề",15,3.0,3.0
12 Tỷ,350,"Phường Hòa Hải, Quận Ngũ Hành Sơn","Nhà biệt thự, liền kề",15,4.0,4.0
11.5 Tỷ,120,"Phường Hải Châu I, Quận Hải Châu",Nhà mặt phố,6,4.0,4.0
27.5 Tỷ,210,"Phường Hòa Cường Bắc, Quận Hải Châu",Nhà mặt phố,8,11.0,11.0
12 Tỷ,345,"Phường Hòa Hải, Quận Ngũ Hành Sơn","Nhà biệt thự, liền kề",15,4.0,4.0
12 Tỷ,350,"Phường Hòa Hải, Quận Ngũ Hành Sơn","Nhà biệt thự, liền kề",15,4.0,4.0
11 Tỷ,120,"Phường Hải Châu I, Quận Hải Châu",Nhà mặt phố,6,4.0,4.0
2.9 Tỷ,95,"Phường Hòa Xuân, Quận Cẩm Lệ",Nhà mặt phố,4,2.0,
11.5 Tỷ,120,"Phường Bình Hiên, Quận Hải Châu","Nhà biệt thự, liền kề",6,4.0,4.0
12.3 Tỷ,120,"Phường Hải Châu I, Quận Hải Châu",Nhà mặt phố,6,5.0,5.0
1.39 Tỷ,110,"Phường Thanh Khê Đông, Quận Thanh Khê",Nhà mặt phố,5,1.0,1.0
2.4 Tỷ,98,"Phường Hòa Hải, Quận Ngũ Hành Sơn",Căn hộ chung cư,6,,
8 Tỷ,311,"Phường Hòa Xuân, Quận Cẩm Lệ",Nhà mặt phố,5,4.0,4.0
8 Tỷ,311,"Phường Hòa Xuân, Quận Cẩm Lệ",Nhà mặt phố,5,4.0,4.0
2 Tỷ,150,"Xã Hòa Phước, Huyện Hòa Vang",Nhà đất thổ cư,5,2.0,1.0
2.9 Tỷ,300,"Phường Hòa Thọ Tây, Quận Cẩm Lệ","Nhà biệt thự, liền kề",16,1.0,1.0
2.2 Tỷ,70,"Phường Hòa Cường Bắc, Quận Hải Châu",Nhà trong ngõ,6,3.0,3.0
38 Tỷ,143,"Phường Hải Châu II, Quận Hải Châu",Nhà mặt phố,5,4.0,3.0
40 Tỷ,176,"Phường Hải Châu II, Quận Hải Châu",Nhà mặt phố,6,,
12.5 Tỷ,350,"Phường Hòa Hải, Quận Ngũ Hành Sơn","Nhà biệt thự, liền kề",15,4.0,4.0
1.75 Tỷ,50,"Phường Hòa Thuận Đông, Quận Hải Châu",Nhà đất thổ cư,4,3.0,2.0
1.75 Tỷ,50,"Phường Bình Hiên, Quận Hải Châu",Nhà đất thổ cư,5,3.0,2.0
3400 Tỷ,45,"Phường Bình Hiên, Quận Hải Châu",Condotel,4,3.0,3.0
6.5 Tỷ,90,"Phường Hòa Minh, Quận Liên Chiểu",Nhà mặt phố,5,4.0,4.0
4.15 Tỷ,83,"Phường An Hải Đông, Quận Sơn Trà",Nhà trong ngõ,5,3.0,2.0
2.4 Tỷ,50,"Phường Khuê Mỹ, Quận Ngũ Hành Sơn",Nhà trong ngõ,5,2.0,1.0
4050 Tỷ,85,"Phường An Khê, Quận Thanh Khê",Nhà mặt phố,5,3.0,3.0
3.65 Tỷ,53,"Phường Thanh Khê Đông, Quận Thanh Khê",Nhà trong ngõ,4,,
1.62 Tỷ,74,"Phường Hòa Khánh Nam, Quận Liên Chiểu",Nhà trong ngõ,5,2.0,1.0
1.62 Tỷ,74,"Phường Hòa Khánh Nam, Quận Liên Chiểu",Nhà trong ngõ,5,2.0,1.0
3 Tỷ,96,"Phường Hòa Xuân, Quận Cẩm Lệ",Nhà đất thổ cư,5,2.0,2.0
3.63 Tỷ,100,"Phường Hòa Hiệp Bắc, Quận Liên Chiểu",Nhà mặt phố,5,5.0,6.0
5.15 Tỷ,125,"Phường Hòa Hiệp Nam, Quận Liên Chiểu","Nhà biệt thự, liền kề",5,7.0,
1.86 Tỷ,70,"Phường Hòa Hải, Quận Ngũ Hành Sơn",Căn hộ chung cư,7,2.0,2.0
6 Tỷ,120,"Phường Hòa Xuân, Quận Cẩm Lệ",Nhà mặt phố,5,3.0,3.0
4.95 Tỷ,96,"Phường Hòa Xuân, Quận Cẩm Lệ",Nhà mặt phố,5,3.0,3.0
6.22 Tỷ,92,"Phường Hòa Cường Bắc, Quận Hải Châu",Nhà mặt phố,5,3.0,3.0
1.9 Tỷ,56,"Phường Hòa Hải, Quận Ngũ Hành Sơn",Nhà đất thổ cư,6,2.0,1.0
3.6 Tỷ,100,"Phường Hòa Hiệp Nam, Quận Liên Chiểu","Nhà biệt thự, liền kề",5,3.0,3.0
2.8 Tỷ,61,"Phường Vĩnh Trung, Quận Thanh Khê",Nhà trong ngõ,3,2.0,4.0
6.35 Tỷ,90,"Phường Mỹ An, Quận Ngũ Hành Sơn",Nhà đất thổ cư,5,4.0,3.0
6.35 Tỷ,100,"Phường Mỹ An, Quận Ngũ Hành Sơn",Nhà đất thổ cư,5,4.0,3.0
3.2 Tỷ,68,"Phường Hòa Cường Bắc, Quận Hải Châu",Nhà trong ngõ,4,3.0,2.0
1.9 Tỷ,56,"Phường Khuê Mỹ, Quận Ngũ Hành Sơn",Nhà trong ngõ,6,2.0,1.0
4.2 Tỷ,63,"Phường Xuân Hà, Quận Thanh Khê",Nhà mặt phố,5,3.0,4.0
4.85 Tỷ,76,"Phường Hòa Minh, Quận Liên Chiểu",Nhà mặt phố,4,4.0,4.0
24.5 Tỷ,300,"Phường Hòa Thọ Đông, Quận Cẩm Lệ","Nhà biệt thự, liền kề",15,6.0,8.0
3.95 Tỷ,52,"Phường Bình Hiên, Quận Hải Châu","Nhà biệt thự, liền kề",5,3.0,3.0
4.95 Tỷ,50,"Phường Thuận Phước, Quận Hải Châu",Nhà đất thổ cư,6,3.0,
13 Tỷ,115,"Phường Mỹ An, Quận Ngũ Hành Sơn",Nhà mặt phố,5,7.0,7.0
2.6 Tỷ,56,"Phường Thanh Bình, Quận Hải Châu",Nhà trong ngõ,4,2.0,2.0
5.7 Tỷ,81,"Phường Mỹ An, Quận Ngũ Hành Sơn",Nhà mặt phố,4,5.0,4.0
4.8 Tỷ,96,"Phường Hòa Xuân, Quận Cẩm Lệ",Nhà mặt phố,5,3.0,
2.27 Tỷ,47,"Phường Tân Chính, Quận Thanh Khê",Nhà trong ngõ,4,2.0,2.0
4.55 Tỷ,75,"Phường Hòa Cường Bắc, Quận Hải Châu",Nhà mặt phố,4,4.0,2.0
4.5 Tỷ,78,"Phường An Khê, Quận Thanh Khê",Nhà mặt phố,6,,
11 Tỷ,173,"Phường An Hải Đông, Quận Sơn Trà",Nhà mặt phố,65,4.0,4.0
7.2 Tỷ,85,"Phường Hòa Cường Bắc, Quận Hải Châu",Nhà mặt phố,5,3.0,2.0
4.3 Tỷ,82,"Phường Hòa Cường Bắc, Quận Hải Châu",Nhà mặt phố,4,,
3.4 Tỷ,60,"Phường Bình Hiên, Quận Hải Châu",Nhà trong ngõ,4,3.0,3.0
8.9 Tỷ,160,"Phường Hòa Phát, Quận Cẩm Lệ",Nhà mặt phố,5,6.0,6.0
4.05 Tỷ,85,"Phường Hải Châu I, Quận Hải Châu",Nhà trong ngõ,4,3.0,3.0
2.07 Tỷ,33,"Phường Hòa Cường Bắc, Quận Hải Châu",Nhà trong ngõ,3,2.0,2.0
21 Tỷ,220,"Phường Hòa Cường Nam, Quận Hải Châu","Nhà biệt thự, liền kề",17,4.0,5.0
10.5 Tỷ,99,"Phường An Hải Tây, Quận Sơn Trà",Nhà mặt phố,4,3.0,2.0
7.8 Tỷ,90,"Phường Thanh Khê Tây, Quận Thanh Khê",Căn hộ chung cư,5,11.0,11.0
3.4 Tỷ,70,"Phường Hòa Thuận Tây, Quận Hải Châu",Nhà trong ngõ,5,3.0,2.0
10 Tỷ,100,"Phường An Khê, Quận Thanh Khê",Nhà mặt phố,5,,
7.3 Tỷ,73,"Phường Hòa Cường Bắc, Quận Hải Châu",Nhà mặt phố,5,3.0,4.0
25 Tỷ,240,"Phường Chính Gián, Quận Thanh Khê",Nhà mặt phố,8,5.0,5.0
13 Tỷ,131,"Phường An Hải Bắc, Quận Sơn Trà",Nhà mặt phố,5,3.0,3.0
15 Tỷ,155,"Phường Chính Gián, Quận Thanh Khê",Nhà mặt phố,9,6.0,6.0
12.9 Tỷ,340,"Phường Mân Thái, Quận Sơn Trà","Nhà biệt thự, liền kề",15,3.0,4.0
19 Tỷ,205,"Phường Hòa Cường Bắc, Quận Hải Châu","Nhà biệt thự, liền kề",10,5.0,
12 Tỷ,200,"Phường Khuê Mỹ, Quận Ngũ Hành Sơn","Nhà biệt thự, liền kề",10,6.0,
1.4 Tỷ,50,"Phường Mỹ An, Quận Ngũ Hành Sơn",Căn hộ chung cư,7,,
4.6 Tỷ,100,"Phường Hòa Xuân, Quận Cẩm Lệ",Nhà mặt phố,5,2.0,3.0
583.2 Triệu,108,"Phường Hòa Xuân, Quận Cẩm Lệ",Nhà mặt phố,5,3.0,1.0
588.5 Triệu,107,"Phường Hòa Xuân, Quận Cẩm Lệ",Nhà mặt phố,5,3.0,1.0
13 Tỷ,330,"Phường Hòa Hải, Quận Ngũ Hành Sơn","Nhà biệt thự, liền kề",15,5.0,
21 Tỷ,300,"Phường Hòa Hải, Quận Ngũ Hành Sơn",Nhà đất thổ cư,15,3.0,3.0
5.5 Tỷ,106,"Phường Hòa Hải, Quận Ngũ Hành Sơn",Nhà đất thổ cư,5,3.0,3.0
45.28 Triệu,28,"Phường Hòa Hải, Quận Ngũ Hành Sơn",Căn hộ chung cư,5,1.0,1.0
1.6 Tỷ,28,"Phường Hòa Hải, Quận Ngũ Hành Sơn",Căn hộ chung cư,5,1.0,1.0
15 Tỷ,300,"Phường Khuê Mỹ, Quận Ngũ Hành Sơn","Nhà biệt thự, liền kề",15,,
2.32 Tỷ,41,"Phường Chính Gián, Quận Thanh Khê",Nhà trong ngõ,5,,2.0
6.25 Tỷ,175,"Phường Nại Hiên Đông, Quận Sơn Trà",Nhà mặt phố,8,,
21 Tỷ,470,"Phường Hòa Hải, Quận Ngũ Hành Sơn","Nhà biệt thự, liền kề",15,,
21 Tỷ,470,"Phường Hòa Hải, Quận Ngũ Hành Sơn","Nhà biệt thự, liền kề",15,,
14.65 Tỷ,427,"Phường Hòa Hải, Quận Ngũ Hành Sơn","Nhà biệt thự, liền kề",15,3.0,3.0
12.3 Tỷ,427,"Phường Hòa Hải, Quận Ngũ Hành Sơn","Nhà biệt thự, liền kề",15,3.0,3.0
8.5 Tỷ,95,"Phường Khuê Mỹ, Quận Ngũ Hành Sơn",Căn hộ chung cư,5,11.0,
1.49 Tỷ,480,"Phường Hòa Cường Bắc, Quận Hải Châu",Nhà mặt phố,6,5.0,5.0
5 Tỷ,80,"Phường Xuân Hà, Quận Thanh Khê",Nhà trong ngõ,9,10.0,11.0
4.9 Tỷ,85,"Phường Mỹ An, Quận Ngũ Hành Sơn",Nhà đất thổ cư,7,3.0,
13.5 Tỷ,120,"Phường Hòa Cường Nam, Quận Hải Châu",Nhà mặt phố,6,,
2.4 Tỷ,300,"Phường Hòa Hải, Quận Ngũ Hành Sơn","Nhà biệt thự, liền kề",15,5.0,5.0
4.2 Tỷ,68,"Phường Hòa Thuận Đông, Quận Hải Châu",Nhà trong ngõ,4,5.0,5.0
1.19 Tỷ,28,"Phường An Hải Bắc, Quận Sơn Trà",Căn hộ chung cư,4200,1.0,2.0
3.55 Tỷ,60,"Phường Thanh Khê Đông, Quận Thanh Khê",Nhà trong ngõ,4,2.0,
13 Tỷ,667,"Phường Hòa Hải, Quận Ngũ Hành Sơn","Nhà biệt thự, liền kề",15,,
24 Tỷ,470,"Phường Hòa Hải, Quận Ngũ Hành Sơn","Nhà biệt thự, liền kề",15,5.0,5.0
21 Tỷ,470,"Phường Hòa Hải, Quận Ngũ Hành Sơn","Nhà biệt thự, liền kề",15,5.0,
13.6 Tỷ,120,"Phường Hải Châu II, Quận Hải Châu","Nhà biệt thự, liền kề",6,4.0,4.0
13.6 Tỷ,411,"Phường Hải Châu II, Quận Hải Châu","Nhà biệt thự, liền kề",6,4.0,4.0
4 Tỷ,230,"Phường Hòa Xuân, Quận Cẩm Lệ",Nhà mặt phố,5,3.0,3.0
4.9 Tỷ,85,"Phường Mỹ An, Quận Ngũ Hành Sơn",Nhà trong ngõ,7,3.0,
16 Tỷ,125,"Phường Xuân Hà, Quận Thanh Khê",Nhà mặt phố,5,10.0,10.0
11.5 Tỷ,201,"Phường Hòa Khánh Nam, Quận Liên Chiểu",Nhà mặt phố,7,18.0,18.0
3.7 Tỷ,147,"Phường Hòa Khánh Bắc, Quận Liên Chiểu",Nhà mặt phố,5,6.0,6.0
2.5 Tỷ,120,"Phường Hòa Khánh Bắc, Quận Liên Chiểu",Nhà mặt phố,5,5.0,5.0
1.65 Tỷ,34,"Phường Hòa Khê, Quận Thanh Khê",Nhà trong ngõ,3,2.0,2.0
5.85 Tỷ,90,"Phường Khuê Trung, Quận Cẩm Lệ",Nhà mặt phố,5,4.0,3.0
3.7 Tỷ,147,"Phường Hòa Khánh Bắc, Quận Liên Chiểu",Nhà mặt phố,5,6.0,6.0
35 Tỷ,616,"Phường Hòa Hải, Quận Ngũ Hành Sơn","Nhà biệt thự, liền kề",15,3.0,2.0
35 Tỷ,616,"Phường Hòa Hải, Quận Ngũ Hành Sơn","Nhà biệt thự, liền kề",15,3.0,2.0
35 Tỷ,616,"Phường Hòa Hải, Quận Ngũ Hành Sơn","Nhà biệt thự, liền kề",17,3.0,2.0
35 Tỷ,616,"Phường Hòa Hải, Quận Ngũ Hành Sơn","Nhà biệt thự, liền kề",17,3.0,2.0
1.7 Tỷ,69,"Phường Hòa Hải, Quận Ngũ Hành Sơn",Căn hộ chung cư,7,2.0,2.0
13 Tỷ,210,"Phường Khuê Mỹ, Quận Ngũ Hành Sơn",Căn hộ chung cư,15,5.0,5.0
5.7 Tỷ,74,"Phường Khuê Trung, Quận Cẩm Lệ",Nhà mặt phố,5,5.0,4.0
2.5 Tỷ,175,"Phường Hòa Khánh Bắc, Quận Liên Chiểu",Nhà mặt phố,7,3.0,192.0
2.5 Tỷ,136,"Phường Hòa Khánh Bắc, Quận Liên Chiểu",Nhà mặt phố,5,3.0,2.0
3.8 Tỷ,327,"Phường Hòa Hải, Quận Ngũ Hành Sơn","Nhà biệt thự, liền kề",5,5.0,5.0
4650 Tỷ,30,"Phường Hòa Thuận Đông, Quận Hải Châu",Nhà mặt phố,5,3.0,3.0
3.4 Tỷ,80,"Phường Khuê Trung, Quận Cẩm Lệ",Nhà mặt phố,5,4.0,4.0
4 Tỷ,90,"Phường Khuê Trung, Quận Cẩm Lệ",Nhà mặt phố,5,4.0,4.0
4 Tỷ,80,"Phường Khuê Trung, Quận Cẩm Lệ",Nhà mặt phố,5,3.0,3.0
1.55 Tỷ,75,"Phường Hòa Hải, Quận Ngũ Hành Sơn",Căn hộ chung cư,7,2.0,2.0
23 Tỷ,350,"Phường Hòa Hải, Quận Ngũ Hành Sơn","Nhà biệt thự, liền kề",15,4.0,5.0
26 Tỷ,204,"Phường Hòa Cường Bắc, Quận Hải Châu",Căn hộ chung cư,8,21.0,22.0
2.5 Tỷ,100,"Phường Hòa Khánh Bắc, Quận Liên Chiểu",Nhà mặt phố,5,2.0,2.0
2 Tỷ,73,"Phường Hòa Hải, Quận Ngũ Hành Sơn",Căn hộ chung cư,10,2.0,1.0
23 Tỷ,380,"Phường Hòa Hải, Quận Ngũ Hành Sơn","Nhà biệt thự, liền kề",15,4.0,4.0
7.5 Tỷ,187,"Phường Hòa Hiệp Nam, Quận Liên Chiểu","Nhà biệt thự, liền kề",7,3.0,3.0
4.5 Tỷ,110,"Phường Hòa Xuân, Quận Cẩm Lệ",Nhà mặt phố,5,3.0,3.0
11 Tỷ,77,"Phường Phước Mỹ, Quận Sơn Trà","Nhà biệt thự, liền kề",5,6.0,
1.8 Tỷ,80,"Phường Khuê Trung, Quận Cẩm Lệ",Nhà trong ngõ,4,2.0,2.0
1.5 Tỷ,73,"Phường Hòa Hải, Quận Ngũ Hành Sơn",Căn hộ chung cư,6,,
1.5 Tỷ,160,"Phường Hòa Hải, Quận Ngũ Hành Sơn",Căn hộ chung cư,6,,
1.45 Tỷ,103,"Xã Hòa Châu, Huyện Hòa Vang",Nhà đất thổ cư,10,2.0,1.0
12.3 Tỷ,427,"Phường Hòa Hải, Quận Ngũ Hành Sơn","Nhà biệt thự, liền kề",20,3.0,3.0
21 Tỷ,300,"Phường Hòa Hải, Quận Ngũ Hành Sơn","Nhà biệt thự, liền kề",15,,
13.9 Tỷ,480,"Phường Hòa Cường Nam, Quận Hải Châu",Nhà mặt phố,6,6.0,5.0
14 Tỷ,411,"Phường Hòa Cường Nam, Quận Hải Châu",Nhà mặt phố,6,5.0,5.0
1690 Tỷ,55,"Phường An Khê, Quận Thanh Khê",Nhà trong ngõ,4,1.0,1.0
3.9 Tỷ,60,"Phường Hòa Cường Nam, Quận Hải Châu",Nhà mặt phố,4,2.0,1.0
4.8 Tỷ,58,"Phường Thạch Thang, Quận Hải Châu",Nhà đất thổ cư,6,3.0,4.0
5.35 Tỷ,93,"Phường Hòa Khánh Bắc, Quận Liên Chiểu",Nhà đất thổ cư,5,3.0,4.0
8 Tỷ,115,"Phường Khuê Mỹ, Quận Ngũ Hành Sơn",Nhà đất thổ cư,5,1.0,1.0
9.51 Tỷ,951,"Xã Hòa Châu, Huyện Hòa Vang",Nhà mặt phố,5,3.0,4.0
11.9 Tỷ,428,"Phường Hòa Hải, Quận Ngũ Hành Sơn","Nhà biệt thự, liền kề",15,3.0,3.0
2 Tỷ,55,"Phường An Khê, Quận Thanh Khê",Nhà trong ngõ,5,4.0,3.0
12 Tỷ,427,"Phường Hòa Hải, Quận Ngũ Hành Sơn","Nhà biệt thự, liền kề",15,3.0,3.0
3.7 Tỷ,83,"Phường Hòa Hải, Quận Ngũ Hành Sơn",Căn hộ chung cư,30,2.0,2.0
3.7 Tỷ,82,"Phường Khuê Mỹ, Quận Ngũ Hành Sơn",Căn hộ chung cư,30,2.0,2.0
1.8 Tỷ,68,"Phường Hòa Hải, Quận Ngũ Hành Sơn",Căn hộ chung cư,8,,
7.5 Tỷ,52,"Phường Mỹ An, Quận Ngũ Hành Sơn",Nhà mặt phố,5,,
5 Tỷ,60,"Phường Mỹ An, Quận Ngũ Hành Sơn",Căn hộ chung cư,33,2.0,2.0
11.5 Tỷ,116,"Phường Hòa Minh, Quận Liên Chiểu",Nhà mặt phố,10,4.0,3.0
11 Tỷ,100,"Phường An Hải Bắc, Quận Sơn Trà","Nhà biệt thự, liền kề",6,4.0,3.0
7.8 Tỷ,100,"Phường An Hải Bắc, Quận Sơn Trà","Nhà biệt thự, liền kề",5,3.0,3.0
10.9 Tỷ,55,"Phường Hải Châu I, Quận Hải Châu",Nhà mặt phố,4,3.0,4.0
12.9 Tỷ,100,"Phường Hải Châu I, Quận Hải Châu",Nhà mặt phố,10,5.0,4.0
14.5 Tỷ,83,"Phường Bình Hiên, Quận Hải Châu",Nhà mặt phố,5,3.0,3.0
14.7 Tỷ,85,"Phường Hải Châu I, Quận Hải Châu",Nhà mặt phố,5,4.0,3.0
7.3 Tỷ,81,"Phường Bình Hiên, Quận Hải Châu",Nhà mặt phố,4,4.0,3.0
900 Triệu,99,"Phường Bình Hiên, Quận Hải Châu",Nhà mặt phố,5,5.0,4.0
7.9 Tỷ,100,"Phường Hòa An, Quận Cẩm Lệ",Nhà mặt phố,7,4.0,4.0
8.2 Tỷ,140,"Phường Hòa Hiệp Bắc, Quận Liên Chiểu",Nhà mặt phố,7,5.0,4.0
8.2 Tỷ,85,"Phường An Khê, Quận Thanh Khê",Nhà mặt phố,5,4.0,4.0
9.5 Tỷ,127,"Phường Hòa An, Quận Cẩm Lệ",Nhà mặt phố,5,5.0,4.0
7.9 Tỷ,44,"Phường Bình Hiên, Quận Hải Châu",Nhà mặt phố,4,3.0,3.0
7.1 Tỷ,120,"Phường Hòa An, Quận Cẩm Lệ",Nhà mặt phố,5,3.0,2.0
7.75 Tỷ,125,"Phường Bình Hiên, Quận Hải Châu",Nhà đất thổ cư,5,3.0,2.0
8.5 Tỷ,103,"Phường An Khê, Quận Thanh Khê",Nhà mặt phố,5,3.0,3.0
1.12 Tỷ,113,"Phường Hải Châu I, Quận Hải Châu",Nhà mặt phố,5,4.0,5.0
8.2 Tỷ,79,"Phường An Hải Bắc, Quận Sơn Trà",Nhà mặt phố,5,3.0,3.0
9.9 Tỷ,76,"Phường Bình Hiên, Quận Hải Châu",Nhà mặt phố,5,2.0,2.0
23.8 Tỷ,105,"Phường An Hải Bắc, Quận Sơn Trà",Nhà mặt phố,5,10.0,9.0
2.1 Tỷ,127,"Phường An Hải Bắc, Quận Sơn Trà",Nhà mặt phố,7,8.0,6.0
8.4 Tỷ,105,"Phường Hải Châu I, Quận Hải Châu",Nhà mặt phố,7,5.0,7.0
8.8 Tỷ,41,"Phường Hải Châu I, Quận Hải Châu","Nhà biệt thự, liền kề",4,3.0,3.0
9 Tỷ,100,"Phường Chính Gián, Quận Thanh Khê",Nhà mặt phố,4,3.0,3.0
8.2 Tỷ,77,"Phường An Hải Bắc, Quận Sơn Trà",Nhà mặt phố,4,4.0,4.0
8.8 Tỷ,83,"Phường Hải Châu I, Quận Hải Châu",Nhà đất thổ cư,5,4.0,4.0
9.7 Tỷ,131,"Phường Hòa An, Quận Cẩm Lệ",Nhà mặt phố,7,5.0,3.0
9.9 Tỷ,75,"Phường An Khê, Quận Thanh Khê","Nhà biệt thự, liền kề",5,4.0,4.0
1 Tỷ,126,"Phường Bình Hiên, Quận Hải Châu",Nhà mặt phố,5,4.0,4.0
7.3 Tỷ,90,"Phường Bình Hiên, Quận Hải Châu",Nhà mặt phố,5,4.0,4.0
4.95 Tỷ,75,"Phường Hòa An, Quận Cẩm Lệ",Nhà mặt phố,4,3.0,2.0
700 Triệu,70,"Phường Hải Châu I, Quận Hải Châu",Nhà mặt phố,5,4.0,4.0
8.8 Tỷ,60,"Phường Hòa Hải, Quận Ngũ Hành Sơn",Nhà mặt phố,5,7.0,8.0
920 Triệu,145,"Phường Hòa Hiệp Bắc, Quận Liên Chiểu",Nhà mặt phố,5,5.0,5.0
5.7 Tỷ,95,"Phường An Hải Bắc, Quận Sơn Trà",Nhà mặt phố,4,4.0,3.0
7.5 Tỷ,150,"Phường An Hải Bắc, Quận Sơn Trà","Nhà biệt thự, liền kề",10,1.0,1.0
7.7 Tỷ,85,"Phường Hòa An, Quận Cẩm Lệ",Nhà đất thổ cư,5,5.0,4.0
8.2 Tỷ,77,"Phường An Hải Bắc, Quận Sơn Trà",Nhà mặt phố,5,5.0,4.0
7.8 Tỷ,64,"Phường An Khê, Quận Thanh Khê",Nhà mặt phố,5,4.0,3.0
7.85 Tỷ,90,"Phường An Hải Bắc, Quận Sơn Trà",Nhà mặt phố,5,4.0,3.0
7.9 Tỷ,150,"Phường An Hải Bắc, Quận Sơn Trà",Nhà mặt phố,10,1.0,1.0
7.3 Tỷ,162,"Phường Bình Hiên, Quận Hải Châu",Nhà mặt phố,8,3.0,2.0
7.5 Tỷ,41,"Phường Hải Châu I, Quận Hải Châu",Nhà mặt phố,4,3.0,3.0
8.7 Tỷ,5062,"Xã Hòa Phú, Huyện Hòa Vang",Nhà mặt phố,40,4.0,3.0
8.2 Tỷ,75,"Phường An Hải Bắc, Quận Sơn Trà",Nhà mặt phố,5,3.0,2.0
12.3 Tỷ,133,"Phường Hòa An, Quận Cẩm Lệ",Nhà mặt phố,7,5.0,4.0
17.6 Tỷ,118,"Phường Hòa Cường Bắc, Quận Hải Châu",Nhà mặt phố,8,5.0,5.0
636 Triệu,60,"Phường Mỹ An, Quận Ngũ Hành Sơn",Nhà mặt phố,5,4.0,4.0
14.2 Tỷ,90,"Phường Chính Gián, Quận Thanh Khê","Nhà biệt thự, liền kề",5,11.0,11.0
12.5 Tỷ,427,"Phường Hòa Hải, Quận Ngũ Hành Sơn","Nhà biệt thự, liền kề",15,,
1.6 Tỷ,75,"Phường Hòa Hải, Quận Ngũ Hành Sơn",Căn hộ chung cư,7,2.0,2.0
9.2 Tỷ,220,"Phường Hòa Cường Nam, Quận Hải Châu",Nhà đất thổ cư,3,2.0,2.0
1.62 Tỷ,69,"Phường Hòa Hải, Quận Ngũ Hành Sơn",Căn hộ chung cư,8,,
6 Tỷ,78,"Phường An Hải Bắc, Quận Sơn Trà",Nhà mặt phố,5,2.0,2.0
167.2 Triệu,88,"Phường Hòa Hải, Quận Ngũ Hành Sơn",Căn hộ chung cư,7,3.0,2.0
450 Triệu,50,"Phường Hòa Quý, Quận Ngũ Hành Sơn",Căn hộ chung cư,40,2.0,1.0
7 Tỷ,100,"Phường Mỹ An, Quận Ngũ Hành Sơn",Nhà mặt phố,5,4.0,3.0
7 Tỷ,260,"Phường Mỹ An, Quận Ngũ Hành Sơn",Nhà mặt phố,5,3.0,3.0
2.5 Tỷ,70,"Phường Hòa Khánh Nam, Quận Liên Chiểu",Nhà đất thổ cư,5,3.0,2.0
2.8 Tỷ,100,"Phường Hòa Quý, Quận Ngũ Hành Sơn",Nhà mặt phố,5,3.0,2.0
2.8 Tỷ,100,"Phường Hòa Quý, Quận Ngũ Hành Sơn",Nhà mặt phố,5,3.0,2.0
3.7 Tỷ,57,"Phường Hòa Thuận Đông, Quận Hải Châu",Nhà đất thổ cư,5,3.0,2.0
3.3 Tỷ,52,"Phường Thanh Khê Đông, Quận Thanh Khê",Nhà đất thổ cư,5,3.0,2.0
3.2 Tỷ,55,"Phường An Khê, Quận Thanh Khê",Nhà đất thổ cư,11,2.0,2.0
3.9 Tỷ,90,"Phường Tam Thuận, Quận Thanh Khê",Nhà trong ngõ,2,6.0,5.0
3.1 Tỷ,70,"Phường Hòa Cường Bắc, Quận Hải Châu",Nhà trong ngõ,4,3.0,2.0
4 Tỷ,90,"Phường An Khê, Quận Thanh Khê",Nhà đất thổ cư,6,6.0,5.0
25.5 Tỷ,34,"Phường Hòa Hải, Quận Ngũ Hành Sơn","Nhà biệt thự, liền kề",25,5.0,5.0
3400 Tỷ,66,"Phường Hải Châu I, Quận Hải Châu",Nhà trong ngõ,4,2.0,2.0
6 Tỷ,60,"Phường Chính Gián, Quận Thanh Khê",Nhà mặt phố,4,2.0,2.0
19 Tỷ,128,"Phường Bình Hiên, Quận Hải Châu",Nhà mặt phố,5,3.0,3.0
3 Tỷ,100,"Phường Hòa Xuân, Quận Cẩm Lệ",Nhà mặt phố,5,3.0,
2.9 Tỷ,75,"Phường Hòa Xuân, Quận Cẩm Lệ",Nhà mặt phố,5,2.0,
12 Tỷ,427,"Phường Hòa Hải, Quận Ngũ Hành Sơn","Nhà biệt thự, liền kề",15,4.0,4.0
12 Tỷ,428,"Phường Hòa Hải, Quận Ngũ Hành Sơn","Nhà biệt thự, liền kề",15,4.0,4.0
2750 Tỷ,55,"Phường An Khê, Quận Thanh Khê",Nhà trong ngõ,5,4.0,4.0
5.9 Tỷ,74,"Phường Khuê Trung, Quận Cẩm Lệ",Nhà đất thổ cư,5,5.0,4.0
3.4 Tỷ,60,"Phường Hòa Thuận Tây, Quận Hải Châu",Nhà đất thổ cư,5,3.0,
4.82 Tỷ,45,"Phường Khuê Trung, Quận Cẩm Lệ",Nhà đất thổ cư,4,3.0,3.0
1.5 Tỷ,72,"Phường Hòa Hải, Quận Ngũ Hành Sơn",Căn hộ chung cư,1,1.0,2.0
1.4 Tỷ,72,"Phường Hòa Hải, Quận Ngũ Hành Sơn",Căn hộ chung cư,6,2.0,2.0
14.9 Tỷ,120,"Phường Hòa Cường Nam, Quận Hải Châu","Nhà biệt thự, liền kề",6,4.0,
12 Tỷ,430,"Phường Hòa Hải, Quận Ngũ Hành Sơn","Nhà biệt thự, liền kề",15,3.0,3.0
13.5 Tỷ,412,"Phường Hòa Cường Nam, Quận Hải Châu",Nhà mặt phố,6,6.0,6.0
13.5 Tỷ,120,"Phường Hòa Cường Nam, Quận Hải Châu",Nhà mặt phố,4,6.0,6.0
1.6 Tỷ,72,"Phường Hòa Hải, Quận Ngũ Hành Sơn",Căn hộ chung cư,7,2.0,2.0
25 Tỷ,114,"Phường Mỹ An, Quận Ngũ Hành Sơn",Nhà mặt phố,6,4.0,4.0
1.55 Tỷ,70,"Phường Hòa Hải, Quận Ngũ Hành Sơn",Căn hộ chung cư,7,2.0,2.0
15.4 Tỷ,427,"Phường Hòa An, Quận Cẩm Lệ","Nhà biệt thự, liền kề",11,3.0,3.0
1.5 Tỷ,69,"Phường Hòa Hải, Quận Ngũ Hành Sơn",Căn hộ chung cư,7,2.0,2.0
12 Tỷ,427,"Phường Hòa Hải, Quận Ngũ Hành Sơn","Nhà biệt thự, liền kề",14,4.0,4.0
1.97 Tỷ,411,"Phường Hòa Cường Bắc, Quận Hải Châu",Nhà mặt phố,6,5.0,5.0
31 Tỷ,300,"Phường Hòa Hải, Quận Ngũ Hành Sơn","Nhà biệt thự, Liền kề",15,5.0,5.0
12 Tỷ,427,"Phường Hòa Hải, Quận Ngũ Hành Sơn","Nhà biệt thự, liền kề",15,3.0,3.0
12 Tỷ,427,"Phường Hòa Hải, Quận Ngũ Hành Sơn","Nhà biệt thự, liền kề",15,3.0,3.0
12 Tỷ,427,"Phường Hòa Hải, Quận Ngũ Hành Sơn","Nhà biệt thự, liền kề",15,3.0,3.0
12 Tỷ,427,"Phường Hòa Hải, Quận Ngũ Hành Sơn","Nhà biệt thự, liền kề",15,3.0,3.0
1.5 Tỷ,70,"Phường Hòa Hải, Quận Ngũ Hành Sơn",Căn hộ chung cư,7,2.0,2.0
3 Tỷ,66,"Phường Bình Thuận, Quận Hải Châu",Nhà trong ngõ,6,2.0,
4.6 Tỷ,80,"Phường Hòa Thuận Tây, Quận Hải Châu",Nhà trong ngõ,4,3.0,2.0
2.69 Tỷ,50,"Phường Thanh Bình, Quận Hải Châu",Nhà trong ngõ,6,3.0,2.0
3.45 Tỷ,54,"Phường Chính Gián, Quận Thanh Khê",Nhà trong ngõ,4,3.0,2.0
3 Tỷ,100,"Phường Hòa Thuận Đông, Quận Hải Châu",Nhà trong ngõ,6,4.0,4.0
3.05 Tỷ,50,"Phường Nam Dương, Quận Hải Châu",Nhà trong ngõ,5,3.0,2.0
3.05 Tỷ,50,"Phường Nam Dương, Quận Hải Châu",Nhà đất thổ cư,5,3.0,2.0
1.65 Tỷ,75,"Phường Hòa Hải, Quận Ngũ Hành Sơn",Căn hộ chung cư,6,2.0,2.0
1.7 Tỷ,75,"Phường Hòa Hải, Quận Ngũ Hành Sơn",Căn hộ chung cư,7,2.0,2.0
1.5 Tỷ,69,"Phường Hòa Hải, Quận Ngũ Hành Sơn",Căn hộ chung cư,7,2.0,2.0
16 Triệu,150,"Phường An Hải Bắc, Quận Sơn Trà","Nhà biệt thự, liền kề",7,4.0,4.0
1.8 Tỷ,78,"Phường Hòa Hải, Quận Ngũ Hành Sơn",Căn hộ chung cư,1,2.0,2.0
1.6 Tỷ,70,"Phường Hòa Hải, Quận Ngũ Hành Sơn",Căn hộ chung cư,33,2.0,2.0
1.5 Tỷ,70,"Phường Hòa Hải, Quận Ngũ Hành Sơn",Căn hộ chung cư,7,2.0,2.0
12 Tỷ,427,"Phường Hòa Hải, Quận Ngũ Hành Sơn","Nhà biệt thự, liền kề",15,3.0,3.0
1.6 Tỷ,70,"Phường Hòa Hải, Quận Ngũ Hành Sơn",Căn hộ chung cư,7,2.0,2.0
1.6 Tỷ,70,"Phường Hòa Hải, Quận Ngũ Hành Sơn",Căn hộ chung cư,7,,
2.38 Tỷ,54,"Phường An Khê, Quận Thanh Khê",Nhà trong ngõ,4,3.0,2.0
5.12 Tỷ,427,"Phường Hòa Hải, Quận Ngũ Hành Sơn","Nhà biệt thự, liền kề",15,4.0,4.0
1.65 Tỷ,72,"Phường Hòa Hải, Quận Ngũ Hành Sơn",Căn hộ chung cư,7,2.0,2.0
12 Tỷ,427,"Phường Hòa Hải, Quận Ngũ Hành Sơn","Nhà biệt thự, liền kề",15,4.0,4.0
12 Tỷ,427,"Phường Hòa Hải, Quận Ngũ Hành Sơn","Nhà biệt thự, liền kề",15,4.0,4.0
3.3 Tỷ,75,"Phường Hòa Thọ Tây, Quận Cẩm Lệ",Nhà mặt phố,4,3.0,3.0
4.5 Tỷ,144,"Phường Hòa Quý, Quận Ngũ Hành Sơn",Nhà mặt phố,5,1.0,1.0
12 Tỷ,427,"Phường Hòa Hải, Quận Ngũ Hành Sơn","Nhà biệt thự, liền kề",15,4.0,4.0
5.5 Tỷ,60,"Phường Hòa Hải, Quận Ngũ Hành Sơn",Căn hộ chung cư,5,2.0,2.0
5.2 Tỷ,297,"Phường Hòa Xuân, Quận Cẩm Lệ",Nhà mặt phố,35,,
1.55 Tỷ,69,"Phường Hòa Hải, Quận Ngũ Hành Sơn",Căn hộ chung cư,7,,
13.5 Tỷ,120,"Phường Bình Thuận, Quận Hải Châu",Nhà mặt phố,6,,
1.8 Tỷ,78,"Phường Hòa Hải, Quận Ngũ Hành Sơn",Căn hộ chung cư,2,2.0,2.0
1.5 Tỷ,72,"Phường Hòa Hải, Quận Ngũ Hành Sơn",Căn hộ chung cư,7,,
1.5 Tỷ,71,"Phường Hòa Hải, Quận Ngũ Hành Sơn",Căn hộ chung cư,33,2.0,2.0
1.5 Tỷ,70,"Phường Hòa Hải, Quận Ngũ Hành Sơn",Căn hộ chung cư,7,,
23 Tỷ,300,"Phường Hòa Hải, Quận Ngũ Hành Sơn","Nhà biệt thự, liền kề",15,3.0,3.0
1.8 Tỷ,78,"Phường Hòa Hải, Quận Ngũ Hành Sơn",Căn hộ chung cư,2,2.0,2.0
3050 Tỷ,45,"Phường An Khê, Quận Thanh Khê",Nhà trong ngõ,4,4.0,4.0
137.25 Triệu,45,"Phường Chính Gián, Quận Thanh Khê",Nhà đất thổ cư,4,5.0,4.0
3.2 Tỷ,62,"Phường An Hải Bắc, Quận Sơn Trà",Nhà trong ngõ,10,3.0,2.0
5.6 Tỷ,54,"Phường An Hải Bắc, Quận Sơn Trà",Nhà đất thổ cư,4,3.0,3.0
128.1 Triệu,42,"Phường An Khê, Quận Thanh Khê",Nhà đất thổ cư,4,3.0,3.0
1.5 Tỷ,69,"Phường Hòa Hải, Quận Ngũ Hành Sơn",Căn hộ chung cư,7,2.0,2.0
3.58 Tỷ,53,"Phường Bình Thuận, Quận Hải Châu",Nhà mặt phố,4,3.0,2.0
5.45 Tỷ,100,"Phường Hòa An, Quận Cẩm Lệ",Nhà mặt phố,5,4.0,3.0
3.97 Tỷ,54,"Phường Hòa Thuận Tây, Quận Hải Châu",Nhà trong ngõ,5,3.0,3.0
2.5 Tỷ,96,"Phường Hòa Khánh Nam, Quận Liên Chiểu",Nhà đất thổ cư,5,1.0,1.0
3.6 Tỷ,53,"Phường Bình Thuận, Quận Hải Châu",Nhà mặt phố,4,3.0,2.0
4.25 Tỷ,70,"Phường Thanh Khê Đông, Quận Thanh Khê",Nhà trong ngõ,4,3.0,3.0
3.15 Tỷ,62,"Phường Hải Châu I, Quận Hải Châu",Nhà trong ngõ,8,3.0,2.0
2.6 Tỷ,35,"Phường Thanh Bình, Quận Hải Châu",Nhà trong ngõ,5,3.0,3.0
1.6 Tỷ,72,"Phường Hòa Hải, Quận Ngũ Hành Sơn",Căn hộ chung cư,7,2.0,2.0
1.5 Tỷ,69,"Phường Hòa Hải, Quận Ngũ Hành Sơn",Căn hộ chung cư,7,,
1.5 Tỷ,69,"Phường Hòa Hải, Quận Ngũ Hành Sơn",Căn hộ chung cư,7,,
5.5 Tỷ,75,"Phường Hòa Minh, Quận Liên Chiểu",Nhà mặt phố,5,3.0,4.0
5.6 Tỷ,75,"Phường Hòa Minh, Quận Liên Chiểu",Nhà mặt phố,5,3.0,4.0
6 Tỷ,80,"Phường Hòa Minh, Quận Liên Chiểu",Nhà mặt phố,5,4.0,4.0
17.3 Tỷ,100,"Phường An Hải Bắc, Quận Sơn Trà",Nhà mặt phố,5,18.0,18.0
3 Tỷ,97,"Phường Bình Hiên, Quận Hải Châu",Nhà đất thổ cư,4,1.0,1.0
1.55 Tỷ,69,"Phường Hòa Hải, Quận Ngũ Hành Sơn",Căn hộ chung cư,7,2.0,2.0
100.05 Triệu,69,"Phường Hòa Hải, Quận Ngũ Hành Sơn",Căn hộ chung cư,7,2.0,2.0
9 Tỷ,171,"Phường Hòa Thuận Tây, Quận Hải Châu","Nhà biệt thự, liền kề",7,4.0,5.0
28 Tỷ,425,"Phường Thọ Quang, Quận Sơn Trà","Nhà biệt thự, liền kề",17,8.0,7.0
1.53 Tỷ,69,"Phường Hòa Hải, Quận Ngũ Hành Sơn",Căn hộ chung cư,7,,
1.8 Tỷ,75,"Phường Hòa Hải, Quận Ngũ Hành Sơn",Căn hộ chung cư,12,2.0,2.0
1.6 Tỷ,72,"Phường Hòa Hải, Quận Ngũ Hành Sơn",Căn hộ chung cư,7,,
1.55 Tỷ,72,"Phường Hòa Hải, Quận Ngũ Hành Sơn",Căn hộ chung cư,7,,
1.55 Tỷ,72,"Phường Hòa Hải, Quận Ngũ Hành Sơn",Căn hộ chung cư,7,2.0,2.0
15.54 Tỷ,370,"Phường Hòa Quý, Quận Ngũ Hành Sơn",Nhà mặt phố,10,4.0,3.0
11.5 Tỷ,111,"Phường An Hải Tây, Quận Sơn Trà",Nhà mặt phố,7,3.0,3.0
1.4 Tỷ,75,"Phường Hòa Hải, Quận Ngũ Hành Sơn",Căn hộ chung cư,7,2.0,2.0
3.15 Tỷ,63,"Phường Hòa Minh, Quận Liên Chiểu",Nhà trong ngõ,4,3.0,2.0
3.15 Tỷ,63,"Phường Hòa Minh, Quận Liên Chiểu",Nhà trong ngõ,4,3.0,2.0
11.8 Tỷ,137,"Phường Thanh Bình, Quận Hải Châu",Nhà mặt phố,7,4.0,5.0
226.2 Triệu,52,"Phường Bình Hiên, Quận Hải Châu",Nhà trong ngõ,7,4.0,5.0
1.75 Tỷ,78,"Phường Hòa Hải, Quận Ngũ Hành Sơn",Căn hộ chung cư,7,2.0,2.0
3.6 Tỷ,53,"Phường Bình Thuận, Quận Hải Châu",Nhà mặt phố,4,3.0,2.0
3.58 Tỷ,53,"Phường Bình Hiên, Quận Hải Châu",Nhà mặt phố,4,3.0,2.0
1.5 Tỷ,70,"Phường Hòa Hải, Quận Ngũ Hành Sơn",Căn hộ chung cư,5,,
1.5 Tỷ,75,"Phường Hòa Hải, Quận Ngũ Hành Sơn",Căn hộ chung cư,5,,
1.1 Tỷ,70,"Phường Hòa Hải, Quận Ngũ Hành Sơn",Căn hộ chung cư,6,,
1.4 Tỷ,69,"Phường Hòa Hải, Quận Ngũ Hành Sơn",Căn hộ chung cư,7,2.0,2.0
1.55 Tỷ,69,"Phường Hòa Hải, Quận Ngũ Hành Sơn",Căn hộ chung cư,7,,
6.35 Tỷ,105,"Phường An Khê, Quận Thanh Khê",Nhà mặt phố,5,3.0,
1.5 Tỷ,75,"Phường Hòa Hải, Quận Ngũ Hành Sơn",Căn hộ chung cư,7,,
3.5 Tỷ,53,"Phường Bình Hiên, Quận Hải Châu",Nhà mặt phố,4,3.0,2.0
12 Tỷ,335,"Phường Hòa Hải, Quận Ngũ Hành Sơn","Nhà biệt thự, liền kề",15,3.0,3.0
13 Tỷ,340,"Phường Hòa Hải, Quận Ngũ Hành Sơn","Nhà biệt thự, liền kề",15,5.0,5.0
1.5 Tỷ,69,"Phường Hòa Hải, Quận Ngũ Hành Sơn",Căn hộ chung cư,7,2.0,2.0
1.5 Tỷ,72,"Phường Hòa Hải, Quận Ngũ Hành Sơn",Căn hộ chung cư,7,2.0,2.0
1.55 Tỷ,69,"Phường Hòa Hải, Quận Ngũ Hành Sơn",Căn hộ chung cư,7,2.0,2.0
1.6 Tỷ,70,"Phường Hòa Hải, Quận Ngũ Hành Sơn",Căn hộ chung cư,6,,
6.3 Tỷ,106,"Phường Khuê Mỹ, Quận Ngũ Hành Sơn",Nhà mặt phố,5,3.0,
12.5 Tỷ,70,"Phường Khuê Mỹ, Quận Ngũ Hành Sơn",Nhà mặt phố,5,,
3.55 Tỷ,58,"Phường Tam Thuận, Quận Thanh Khê",Nhà đất thổ cư,5,3.0,
3 Tỷ,85,"Phường An Khê, Quận Thanh Khê",Nhà trong ngõ,4,3.0,2.0
3 Tỷ,85,"Phường Xuân Hà, Quận Thanh Khê",Nhà trong ngõ,4,4.0,
5.4 Tỷ,80,"Phường Hòa Khê, Quận Thanh Khê",Nhà mặt phố,5,4.0,4.0
11.9 Tỷ,427,"Phường Hòa Hải, Quận Ngũ Hành Sơn","Nhà biệt thự, liền kề",15,3.0,3.0
6350 Tỷ,257,"Phường Khuê Trung, Quận Cẩm Lệ",Nhà mặt phố,5,3.0,3.0
3.8 Tỷ,60,"Phường Hòa Cường Nam, Quận Hải Châu",Nhà mặt phố,5,3.0,2.0
4.3 Tỷ,35,"Phường Nam Dương, Quận Hải Châu",Nhà trong ngõ,3,3.0,3.0
11.5 Tỷ,150,"Phường Hòa Hải, Quận Ngũ Hành Sơn",Nhà mặt phố,5,3.0,2.0
11.6 Tỷ,430,"Phường Hòa Hải, Quận Ngũ Hành Sơn","Nhà biệt thự, liền kề",15,3.0,3.0
20 Tỷ,677,"Phường Hòa Hải, Quận Ngũ Hành Sơn","Nhà biệt thự, liền kề",24,,
5.4 Tỷ,105,"Phường Hòa Hải, Quận Ngũ Hành Sơn",Nhà mặt phố,5,,
28 Tỷ,475,"Phường Mỹ An, Quận Ngũ Hành Sơn","Nhà biệt thự, liền kề",18,4.0,4.0
13.4 Tỷ,57,"Phường Thạch Thang, Quận Hải Châu",Nhà mặt phố,4,5.0,4.0
9.8 Tỷ,150,"Phường An Hải Bắc, Quận Sơn Trà","Nhà biệt thự, liền kề",7,3.0,3.0
1.85 Tỷ,57,"Phường Mỹ An, Quận Ngũ Hành Sơn",Nhà đất thổ cư,4,1.0,1.0
4 Tỷ,56,"Phường Nại Hiên Đông, Quận Sơn Trà",Nhà đất thổ cư,4,3.0,2.0
4.11 Tỷ,140,"Phường Hòa Minh, Quận Liên Chiểu",Nhà mặt phố,4,3.0,3.0
2.8 Tỷ,120,"Phường Hòa Minh, Quận Liên Chiểu",Nhà đất thổ cư,5,3.0,3.0
4.9 Tỷ,178,", Quận Liên Chiểu",Nhà mặt phố,5,3.0,3.0
9 Tỷ,65,", Quận Thanh Khê",Nhà mặt phố,4,6.0,3.0
2.7 Tỷ,50,"Phường Khuê Trung, Quận Cẩm Lệ",Nhà đất thổ cư,7,1.0,1.0
5.2 Tỷ,72,"Phường Hòa Minh, Quận Liên Chiểu",Nhà mặt phố,5,,
4.5 Tỷ,72,"Phường Hòa Minh, Quận Liên Chiểu",Nhà đất thổ cư,3,3.0,3.0
295 Triệu,52,"Phường Thanh Khê Tây, Quận Thanh Khê",Nhà trong ngõ,4,3.0,3.0
9.8 Tỷ,103,"Phường Phước Mỹ, Quận Sơn Trà",Nhà trong ngõ,5,1.0,1.0
14 Tỷ,120,"Phường Bình Hiên, Quận Hải Châu",Nhà mặt phố,6,4.0,4.0
3.5 Tỷ,83,"Phường Hòa Hải, Quận Ngũ Hành Sơn",Căn hộ chung cư,25,2.0,2.0
4.49 Tỷ,210,"Phường Hòa Minh, Quận Liên Chiểu",Nhà đất thổ cư,5,4.0,4.0
2.8 Tỷ,120,"Phường Hòa Minh, Quận Liên Chiểu",Nhà trong ngõ,4,3.0,3.0
10 Tỷ,76,"Phường An Hải Bắc, Quận Sơn Trà",Nhà mặt phố,5,9.0,
11.6 Tỷ,93,"Phường An Hải Bắc, Quận Sơn Trà",Nhà mặt phố,5,11.0,11.0
3.75 Tỷ,60,"Phường Hòa Minh, Quận Liên Chiểu",Nhà trong ngõ,5,3.0,3.0
10.5 Tỷ,98,"Phường Hòa Hải, Quận Ngũ Hành Sơn",Căn hộ chung cư,7,7.0,8.0
3.05 Tỷ,72,"Phường Hòa Minh, Quận Liên Chiểu",Nhà mặt phố,4,2.0,1.0
40 Tỷ,300,"Phường Bình Hiên, Quận Hải Châu",Nhà mặt phố,8,,
4 Tỷ,65,"Phường Thạch Thang, Quận Hải Châu",Nhà trong ngõ,6,7.0,7.0
3 Tỷ,90,"Phường Hòa Cường Nam, Quận Hải Châu",Nhà mặt phố,4,3.0,2.0
14 Tỷ,120,"Phường Hòa Cường Nam, Quận Hải Châu","Nhà biệt thự, liền kề",6,3.0,4.0
28 Tỷ,300,"Phường An Hải Tây, Quận Sơn Trà","Nhà biệt thự, liền kề",10,,
2.7 Tỷ,112,"Phường Thạch Thang, Quận Hải Châu",Nhà mặt phố,24,5.0,5.0
4.35 Tỷ,82,"Phường Hòa Minh, Quận Liên Chiểu",Nhà mặt phố,4,3.0,2.0
12 Tỷ,350,"Phường Hòa Hải, Quận Ngũ Hành Sơn","Nhà biệt thự, liền kề",15,3.0,4.0
5 Tỷ,80,"Phường Hòa Cường Nam, Quận Hải Châu",Nhà mặt phố,5,,
3.8 Tỷ,68,"Phường Hòa Khánh Bắc, Quận Liên Chiểu",Nhà trong ngõ,4,4.0,2.0
970 Triệu,48,"Phường Hòa Hiệp Nam, Quận Liên Chiểu",Căn hộ chung cư,5,1.0,1.0
3.2 Tỷ,63,"Phường Hòa Minh, Quận Liên Chiểu",Nhà trong ngõ,5,2.0,2.0
15 Tỷ,120,"Phường Hòa Cường Bắc, Quận Hải Châu",Nhà mặt phố,6,4.0,5.0
1.7 Tỷ,70,"Phường Hòa Hải, Quận Ngũ Hành Sơn",Căn hộ chung cư,20,2.0,2.0
3.48 Tỷ,60,"Phường An Hải Bắc, Quận Sơn Trà",Căn hộ chung cư,10,1.0,1.0
6 Tỷ,300,"Phường Khuê Mỹ, Quận Ngũ Hành Sơn","Nhà biệt thự, liền kề",20,,
6.8 Tỷ,100,"Phường Khuê Mỹ, Quận Ngũ Hành Sơn","Nhà biệt thự, liền kề",5,,
14 Tỷ,120,"Phường Hòa Cường Nam, Quận Hải Châu",Nhà mặt phố,6,5.0,5.0
3.9 Tỷ,60,"Phường Hòa Cường Nam, Quận Hải Châu",Nhà mặt phố,4,,
3.5 Tỷ,82,"Phường Khuê Mỹ, Quận Ngũ Hành Sơn",Căn hộ chung cư,21,2.0,2.0
14 Tỷ,120,"Phường Hòa Cường Bắc, Quận Hải Châu",Nhà mặt phố,6,4.0,4.0
15 Tỷ,120,"Phường Bình Hiên, Quận Hải Châu",Nhà mặt phố,6,5.0,5.0
3.6 Tỷ,82,"Phường Khuê Mỹ, Quận Ngũ Hành Sơn",Căn hộ chung cư,21,2.0,2.0
3.5 Tỷ,105,"Phường Khuê Mỹ, Quận Ngũ Hành Sơn",Căn hộ chung cư,21,3.0,3.0
11 Tỷ,430,"Phường Hòa Hải, Quận Ngũ Hành Sơn","Nhà biệt thự, liền kề",1,,
2.95 Tỷ,110,"Phường Hòa Cường Nam, Quận Hải Châu",Nhà đất thổ cư,8,3.0,3.0
3.4 Tỷ,82,"Phường Khuê Mỹ, Quận Ngũ Hành Sơn",Căn hộ chung cư,21,2.0,2.0
11 Tỷ,430,"Phường Hòa Hải, Quận Ngũ Hành Sơn","Nhà biệt thự, liền kề",1,4.0,
24.5 Tỷ,300,"Phường Hòa Hải, Quận Ngũ Hành Sơn","Nhà biệt thự, liền kề",15,5.0,5.0
3.9 Tỷ,82,"Phường Khuê Mỹ, Quận Ngũ Hành Sơn",Căn hộ chung cư,21,2.0,3.0
13 Tỷ,345,"Phường Hòa Hải, Quận Ngũ Hành Sơn","Nhà biệt thự, liền kề",15,4.0,4.0
13 Tỷ,345,"Phường Hòa Hải, Quận Ngũ Hành Sơn","Nhà biệt thự, liền kề",22,4.0,4.0
3.45 Tỷ,62,"Phường Khuê Mỹ, Quận Ngũ Hành Sơn",Căn hộ chung cư,21,2.0,1.0
3.45 Tỷ,82,"Phường Khuê Mỹ, Quận Ngũ Hành Sơn",Căn hộ chung cư,21,2.0,2.0
3.6 Tỷ,82,"Phường Khuê Mỹ, Quận Ngũ Hành Sơn",Căn hộ chung cư,21,2.0,2.0
24 Tỷ,300,"Phường Hòa Hải, Quận Ngũ Hành Sơn","Nhà biệt thự, liền kề",15,3.0,3.0
20 Tỷ,400,"Phường Hòa Hải, Quận Ngũ Hành Sơn","Nhà biệt thự, liền kề",15,4.0,
15 Tỷ,353,"Phường Hòa Hải, Quận Ngũ Hành Sơn","Nhà biệt thự, liền kề",15,3.0,3.0
3.8 Tỷ,82,"Phường Khuê Mỹ, Quận Ngũ Hành Sơn",Căn hộ chung cư,21,2.0,2.0
1300 Tỷ,105,"Phường Khuê Mỹ, Quận Ngũ Hành Sơn",Căn hộ chung cư,22,3.0,2.0
3.9 Tỷ,82,"Phường Khuê Mỹ, Quận Ngũ Hành Sơn",Căn hộ chung cư,21,2.0,2.0
3700 Tỷ,105,"Phường Khuê Mỹ, Quận Ngũ Hành Sơn",Căn hộ chung cư,22,3.0,2.0
3700 Tỷ,105,"Phường Khuê Mỹ, Quận Ngũ Hành Sơn",Căn hộ chung cư,22,3.0,2.0
3.9 Tỷ,82,"Phường Khuê Mỹ, Quận Ngũ Hành Sơn",Căn hộ chung cư,21,2.0,2.0
2.6 Tỷ,81,"Phường Thanh Bình, Quận Hải Châu",Nhà trong ngõ,5,3.0,2.0
6 Tỷ,128,"Phường Hòa Hiệp Bắc, Quận Liên Chiểu",Nhà mặt phố,6,4.0,4.0
6.6 Tỷ,68,"Phường Bình Hiên, Quận Hải Châu",Nhà trong ngõ,7,,
1300 Tỷ,105,"Phường Khuê Mỹ, Quận Ngũ Hành Sơn",Căn hộ chung cư,22,3.0,2.0
4.2 Tỷ,82,"Phường Khuê Mỹ, Quận Ngũ Hành Sơn",Căn hộ chung cư,21,2.0,2.0
80 Triệu,300,"Phường Hòa Hải, Quận Ngũ Hành Sơn","Nhà biệt thự, liền kề",15,5.0,4.0
1.3 Tỷ,105,"Phường Khuê Mỹ, Quận Ngũ Hành Sơn",Căn hộ chung cư,15,3.0,2.0
6.1 Tỷ,169,"Phường Hòa An, Quận Cẩm Lệ",Căn hộ chung cư,9,,
3.25 Tỷ,60,"Phường Nam Dương, Quận Hải Châu",Nhà mặt phố,4,3.0,3.0
21 Tỷ,300,"Phường Hòa Hải, Quận Ngũ Hành Sơn","Nhà biệt thự, liền kề",15,5.0,4.0
1.03 Tỷ,47,"Phường Hòa Hiệp Bắc, Quận Liên Chiểu",Căn hộ chung cư,8,1.0,1.0
3.85 Tỷ,92,"Phường Khuê Trung, Quận Cẩm Lệ",Nhà mặt phố,5,4.0,
3.55 Tỷ,60,"Phường An Hải Bắc, Quận Sơn Trà",Nhà mặt phố,4,2.0,2.0
11 Tỷ,144,"Phường Nại Hiên Đông, Quận Sơn Trà",Nhà mặt phố,6,3.0,4.0
4.17 Tỷ,62,"Phường Hòa Minh, Quận Liên Chiểu",Nhà trong ngõ,5,3.0,3.0
6.7 Tỷ,95,"Phường Thanh Khê Đông, Quận Thanh Khê",Nhà đất thổ cư,5,4.0,4.0
4.35 Tỷ,70,"Phường Hòa Minh, Quận Liên Chiểu",Nhà đất thổ cư,5,3.0,2.0
3.25 Tỷ,90,"Phường An Khê, Quận Thanh Khê",Nhà đất thổ cư,4,4.0,2.0
3.97 Tỷ,61,"Phường Hòa Khê, Quận Thanh Khê",Nhà đất thổ cư,5,3.0,3.0
1.8 Tỷ,68,"Phường Hòa Hải, Quận Ngũ Hành Sơn",Căn hộ chung cư,8,,
1.63 Tỷ,68,"Phường Hòa Hải, Quận Ngũ Hành Sơn",Căn hộ chung cư,8,,
1.57 Tỷ,56,"Phường Hòa Hải, Quận Ngũ Hành Sơn",Căn hộ chung cư,7,,
1.55 Tỷ,57,"Phường Hòa Hải, Quận Ngũ Hành Sơn",Căn hộ chung cư,8,,
3.6 Tỷ,83,"Phường Khuê Mỹ, Quận Ngũ Hành Sơn",Căn hộ chung cư,22,2.0,2.0
15 Tỷ,345,"Phường Hòa Hải, Quận Ngũ Hành Sơn","Nhà biệt thự, liền kề",15,4.0,4.0
14.2 Tỷ,140,"Phường Hòa Khánh Nam, Quận Liên Chiểu",Nhà mặt phố,5,,
11.4 Tỷ,225,"Phường Thuận Phước, Quận Hải Châu",Nhà mặt phố,5,3.0,2.0
12.5 Tỷ,152,"Phường Nại Hiên Đông, Quận Sơn Trà",Nhà mặt phố,7,11.0,11.0
3.6 Tỷ,75,"Phường Hòa Phát, Quận Cẩm Lệ",Nhà mặt phố,5,3.0,3.0
4.4 Tỷ,134,"Phường Hòa Cường Nam, Quận Hải Châu",Nhà mặt phố,5,3.0,
3.65 Tỷ,112,"Phường Hòa Cường Nam, Quận Hải Châu","Nhà biệt thự, liền kề",4,3.0,
5 Tỷ,70,"Phường Bình Hiên, Quận Hải Châu",Nhà mặt phố,5,4.0,
3.89 Tỷ,68,"Phường Tam Thuận, Quận Thanh Khê",Nhà trong ngõ,4,,
3.9 Tỷ,62,"Phường Khuê Mỹ, Quận Ngũ Hành Sơn",Căn hộ chung cư,10,2.0,2.0
1.1 Tỷ,50,"Phường Hòa Hiệp Nam, Quận Liên Chiểu",Căn hộ chung cư,5,1.0,1.0
950 Triệu,44,"Phường Hòa Hiệp Nam, Quận Liên Chiểu",Căn hộ chung cư,5,1.0,1.0
1.15 Tỷ,50,"Phường Hòa Hiệp Nam, Quận Liên Chiểu",Căn hộ chung cư,5,2.0,1.0
9 Tỷ,200,"Phường Hòa Hải, Quận Ngũ Hành Sơn",Nhà mặt phố,10,3.0,3.0
950 Triệu,46,"Phường Hòa Hiệp Nam, Quận Liên Chiểu",Căn hộ chung cư,5,,
980 Triệu,45,"Phường Hòa Hiệp Nam, Quận Liên Chiểu",Căn hộ chung cư,5,1.0,1.0
950 Triệu,40,"Phường Hòa Hiệp Nam, Quận Liên Chiểu",Căn hộ chung cư,5,1.0,1.0
1.3 Tỷ,65,"Phường Hòa Hiệp Nam, Quận Liên Chiểu",Căn hộ chung cư,6,2.0,1.0
312 Triệu,78,"Phường Nại Hiên Đông, Quận Sơn Trà",Nhà đất thổ cư,4,2.0,2.0
4 Tỷ,55,"Phường Khuê Mỹ, Quận Ngũ Hành Sơn",Căn hộ chung cư,5,2.0,2.0
2.55 Tỷ,48,"Phường Vĩnh Trung, Quận Thanh Khê",Nhà đất thổ cư,4,3.0,2.0
3.35 Tỷ,70,", Quận Liên Chiểu",Nhà đất thổ cư,3,3.0,3.0
3.5 Tỷ,46,", Quận Thanh Khê",Nhà đất thổ cư,4,3.0,3.0
3.75 Tỷ,68,", Quận Thanh Khê",Nhà đất thổ cư,4,3.0,3.0
3.3 Tỷ,57,", Quận Hải Châu",Nhà đất thổ cư,4,3.0,3.0
4.55 Tỷ,50,", Quận Hải Châu",Nhà đất thổ cư,4,4.0,4.0
2.65 Tỷ,52,", Quận Thanh Khê",Nhà đất thổ cư,4,3.0,2.0
3.35 Tỷ,62,", Quận Liên Chiểu",Nhà đất thổ cư,6,3.0,3.0
3.75 Tỷ,60,", Quận Liên Chiểu",Nhà đất thổ cư,4,3.0,3.0
2.33 Tỷ,57,", Quận Thanh Khê",Nhà đất thổ cư,5,3.0,2.0
3.6 Tỷ,50,", Quận Thanh Khê",Nhà đất thổ cư,4,3.0,4.0
5.45 Tỷ,70,", Quận Hải Châu",Nhà đất thổ cư,4,4.0,4.0
2.7 Tỷ,66,", Quận Liên Chiểu",Nhà đất thổ cư,5,3.0,2.0
2.3 Tỷ,87,", Quận Liên Chiểu",Nhà đất thổ cư,5,2.0,1.0
3.2 Tỷ,62,", Quận Thanh Khê",Nhà đất thổ cư,4,3.0,2.0
2.95 Tỷ,117,", Quận Liên Chiểu",Nhà đất thổ cư,5,4.0,3.0
3.2 Tỷ,60,", Quận Liên Chiểu",Nhà đất thổ cư,5,4.0,2.0
4.75 Tỷ,88,", Quận Liên Chiểu",Nhà đất thổ cư,5,3.0,4.0
3.25 Tỷ,53,", Quận Hải Châu",Nhà đất thổ cư,4,3.0,3.0
4.35 Tỷ,100,", Quận Cẩm Lệ",Nhà đất thổ cư,5,3.0,2.0
3.58 Tỷ,70,", Quận Thanh Khê",Nhà đất thổ cư,4,3.0,3.0
6.19 Tỷ,100,", Quận Liên Chiểu",Nhà đất thổ cư,4,2.0,1.0
4.4 Tỷ,134,", Quận Liên Chiểu",Nhà đất thổ cư,6,2.0,1.0
3.75 Tỷ,60,", Quận Thanh Khê",Nhà đất thổ cư,5,2.0,2.0
3.85 Tỷ,68,", Quận Hải Châu",Nhà đất thổ cư,4,3.0,2.0
3.15 Tỷ,63,", Quận Cẩm Lệ",Nhà đất thổ cư,4,3.0,3.0
3.75 Tỷ,105,", Quận Cẩm Lệ",Nhà đất thổ cư,5,3.0,2.0
2.68 Tỷ,45,", Quận Thanh Khê",Nhà đất thổ cư,4,2.0,2.0
3.65 Tỷ,50,", Quận Thanh Khê",Nhà đất thổ cư,4,3.0,2.0
3.15 Tỷ,63,", Quận Liên Chiểu",Nhà đất thổ cư,4,3.0,2.0
5.1 Tỷ,92,", Quận Liên Chiểu",Nhà đất thổ cư,5,3.0,4.0
3.95 Tỷ,50,", Quận Thanh Khê",Nhà đất thổ cư,5,4.0,3.0
4.65 Tỷ,60,", Quận Hải Châu",Nhà đất thổ cư,4,3.0,4.0
5.85 Tỷ,75,"Phường Hòa Minh, Quận Liên Chiểu",Nhà mặt phố,5,3.0,4.0
4.55 Tỷ,50,", Quận Hải Châu",Nhà đất thổ cư,5,4.0,4.0
3.65 Tỷ,57,"Phường Xuân Hà, Quận Thanh Khê",Nhà trong ngõ,5,3.0,3.0
7.5 Tỷ,125,"Phường Hòa An, Quận Cẩm Lệ",Nhà mặt phố,5,4.0,4.0
6.8 Tỷ,70,"Phường Hòa Cường Nam, Quận Hải Châu",Nhà đất thổ cư,5,3.0,3.0
3 Tỷ,134,"Phường Hòa Minh, Quận Liên Chiểu",Nhà mặt phố,5,3.0,1.0
1.29 Tỷ,61,"Phường Hòa Hiệp Bắc, Quận Liên Chiểu",Căn hộ chung cư,6,,
45 Triệu,1,"Phường Hòa Hiệp Nam, Quận Liên Chiểu",Căn hộ chung cư,8,,
3 Tỷ,60,"Phường Thuận Phước, Quận Hải Châu",Nhà trong ngõ,5,2.0,2.0
3.1 Tỷ,57,"Phường Bình Thuận, Quận Hải Châu",Nhà đất thổ cư,4,3.0,3.0
149.85 Triệu,81,"Phường Hòa Khánh Bắc, Quận Liên Chiểu",Nhà đất thổ cư,5,1.0,1.0
990 Triệu,50,"Phường Hòa Hiệp Nam, Quận Liên Chiểu",Căn hộ chung cư,5,,
360 Triệu,50,"Phường Hòa Hiệp Nam, Quận Liên Chiểu",Căn hộ chung cư,5,1.0,2.0
1.8 Tỷ,65,"Phường Hòa Hiệp Nam, Quận Liên Chiểu",Căn hộ chung cư,6,1.0,1.0
1.8 Tỷ,60,"Phường Hòa Hiệp Nam, Quận Liên Chiểu",Căn hộ chung cư,15,1.0,1.0
1.7 Tỷ,65,"Phường Hòa Hiệp Nam, Quận Liên Chiểu",Căn hộ chung cư,6,1.0,1.0
1.7 Tỷ,50,"Phường Hòa Hiệp Nam, Quận Liên Chiểu",Căn hộ chung cư,5,1.0,1.0
1.9 Tỷ,54,"Phường Hòa Hiệp Bắc, Quận Liên Chiểu",Căn hộ chung cư,6,1.0,1.0
5 Tỷ,84,"Phường An Hải Đông, Quận Sơn Trà",Nhà trong ngõ,35,3.0,2.0
5800 Tỷ,100,"Phường An Hải Tây, Quận Sơn Trà",Nhà đất thổ cư,5,4.0,4.0
1.22 Tỷ,57,"Phường Hòa Hiệp Nam, Quận Liên Chiểu",Căn hộ chung cư,7,2.0,2.0
980 Triệu,40,"Phường Hòa Hiệp Nam, Quận Liên Chiểu",Căn hộ chung cư,5,1.0,1.0
1.25 Tỷ,65,"Phường Hòa Hiệp Nam, Quận Liên Chiểu",Căn hộ chung cư,6,2.0,2.0
1.35 Tỷ,60,"Phường Hòa Hiệp Bắc, Quận Liên Chiểu",Căn hộ chung cư,5,,
1.8 Tỷ,54,"Phường Hòa Hiệp Nam, Quận Liên Chiểu",Căn hộ chung cư,5,1.0,1.0
1.8 Tỷ,64,"Phường Hòa Hiệp Nam, Quận Liên Chiểu",Căn hộ chung cư,5,1.0,1.0
3.65 Tỷ,110,", Quận Liên Chiểu",Nhà đất thổ cư,5,3.0,2.0
56.8 Tỷ,496,", Quận Hải Châu",Nhà đất thổ cư,20,1.0,3.0
14.2 Tỷ,83,", Quận Hải Châu",Nhà đất thổ cư,4,4.0,4.0
3.78 Tỷ,52,", Quận Hải Châu",Nhà đất thổ cư,4,3.0,3.0
2.55 Tỷ,97,", Quận Liên Chiểu",Nhà đất thổ cư,5,3.0,1.0
4.39 Tỷ,60,", Quận Thanh Khê",Nhà đất thổ cư,4,3.0,3.0
4.65 Tỷ,52,", Quận Hải Châu",Nhà đất thổ cư,4,3.0,3.0
5.38 Tỷ,90,", Quận Thanh Khê",Nhà đất thổ cư,5,3.0,2.0
8.5 Tỷ,180,", Quận Liên Chiểu",Nhà đất thổ cư,10,3.0,2.0
3.65 Tỷ,106,", Quận Cẩm Lệ",Nhà đất thổ cư,4,3.0,2.0
3.19 Tỷ,60,", Quận Liên Chiểu",Nhà đất thổ cư,4,3.0,3.0
2.39 Tỷ,63,"Phường Hòa Hiệp Bắc, Quận Liên Chiểu",Nhà đất thổ cư,4,3.0,2.0
2.98 Tỷ,60,"Phường An Khê, Quận Thanh Khê",Nhà đất thổ cư,4,3.0,2.0
4.43 Tỷ,58,"Phường Hòa Thuận Đông, Quận Hải Châu",Nhà mặt phố,4,3.0,4.0
4.4 Tỷ,57,"Phường Hòa Thuận Đông, Quận Hải Châu",Nhà đất thổ cư,4,3.0,4.0
4.2 Tỷ,75,"Phường Hòa Thuận Đông, Quận Hải Châu",Nhà đất thổ cư,5,3.0,3.0
4.05 Tỷ,58,"Phường An Khê, Quận Thanh Khê",Nhà mặt phố,5,3.0,4.0
4.5 Tỷ,90,", Quận Liên Chiểu",Nhà đất thổ cư,5,3.0,2.0
13 Tỷ,152,"Phường Nại Hiên Đông, Quận Sơn Trà",Nhà đất thổ cư,7,11.0,11.0
2.8 Tỷ,43,"Phường Hòa Khê, Quận Thanh Khê",Nhà đất thổ cư,3,3.0,
2.25 Tỷ,56,"Phường Hòa An, Quận Cẩm Lệ",Nhà đất thổ cư,3,2.0,2.0
6.65 Tỷ,86,"Phường Mân Thái, Quận Sơn Trà",Nhà đất thổ cư,5,7.0,7.0
7.5 Tỷ,125,"Phường Khuê Trung, Quận Cẩm Lệ",Nhà mặt phố,6,1.0,1.0
5.7 Tỷ,90,"Phường Hòa Minh, Quận Liên Chiểu",Nhà mặt phố,5,4.0,3.0
5.35 Tỷ,54,"Phường Bình Hiên, Quận Hải Châu",Nhà mặt phố,4,3.0,2.0
5.2 Tỷ,90,"Phường Hòa Minh, Quận Liên Chiểu",Nhà đất thổ cư,5,3.0,2.0
4.33 Tỷ,50,"Phường Tam Thuận, Quận Thanh Khê",Nhà đất thổ cư,5,4.0,3.0
5 Tỷ,100,"Phường Hòa Thọ Đông, Quận Cẩm Lệ",Nhà mặt phố,5,,
5.33 Tỷ,87,"Phường Khuê Mỹ, Quận Ngũ Hành Sơn",Nhà trong ngõ,5,3.0,3.0
3.9 Tỷ,36,"Phường Thanh Bình, Quận Hải Châu",Nhà mặt phố,5,4.0,3.0
6.2 Tỷ,81,"Phường Hòa Cường Nam, Quận Hải Châu",Nhà mặt phố,4,2.0,2.0
4.1 Tỷ,73,"Phường Hòa Thuận Đông, Quận Hải Châu",Nhà đất thổ cư,5,3.0,3.0
2.5 Tỷ,70,"Phường Hòa Hiệp Nam, Quận Liên Chiểu",Căn hộ chung cư,7,2.0,1.0
16.5 Tỷ,167,"Phường Mân Thái, Quận Sơn Trà",Nhà đất thổ cư,8,1.0,2.0
1.9 Tỷ,54,"Phường Hòa Hiệp Nam, Quận Liên Chiểu",Căn hộ chung cư,6,1.0,1.0
1.9 Tỷ,54,"Phường Hòa Hiệp Nam, Quận Liên Chiểu",Căn hộ chung cư,6,1.0,1.0
1.9 Tỷ,60,"Phường Hòa Hiệp Nam, Quận Liên Chiểu",Căn hộ chung cư,6,1.0,1.0
1.9 Tỷ,60,"Phường Hòa Hiệp Nam, Quận Liên Chiểu",Căn hộ chung cư,6,2.0,1.0
4.15 Tỷ,75,"Phường Bình Hiên, Quận Hải Châu",Nhà mặt phố,5,3.0,3.0
4.2 Tỷ,75,"Phường Bình Hiên, Quận Hải Châu",Nhà mặt phố,4,3.0,3.0
1.3 Tỷ,82,"Phường Khuê Mỹ, Quận Ngũ Hành Sơn",Căn hộ chung cư,21,2.0,2.0
2.2 Tỷ,48,"Phường Tam Thuận, Quận Thanh Khê",Nhà đất thổ cư,4,3.0,2.0
23 Tỷ,124,"Phường Hải Châu II, Quận Hải Châu",Nhà mặt phố,6,,
12.8 Tỷ,233,"Phường Nại Hiên Đông, Quận Sơn Trà","Nhà biệt thự, liền kề",6,3.0,4.0
1.9 Tỷ,71,"Phường Hòa Hải, Quận Ngũ Hành Sơn",Căn hộ chung cư,7,2.0,2.0
4.9 Tỷ,100,", Quận Cẩm Lệ",Nhà đất thổ cư,5,3.0,2.0
2.4 Tỷ,75,"Phường Hòa Phát, Quận Cẩm Lệ","Nhà biệt thự, liền kề",12,,2.0
3.37 Tỷ,52,"Phường Thạc Gián, Quận Thanh Khê",Nhà đất thổ cư,4,3.0,3.0
5.6 Tỷ,270,"Phường Khuê Trung, Quận Cẩm Lệ",Nhà mặt phố,5,4.0,4.0
12.8 Tỷ,233,"Phường Nại Hiên Đông, Quận Sơn Trà","Nhà biệt thự, liền kề",6,4.0,4.0
12.8 Tỷ,233,"Phường Nại Hiên Đông, Quận Sơn Trà","Nhà biệt thự, liền kề",6,4.0,4.0
12.8 Tỷ,233,"Phường Nại Hiên Đông, Quận Sơn Trà","Nhà biệt thự, liền kề",6,4.0,4.0
7.3 Tỷ,120,"Phường Hòa Minh, Quận Liên Chiểu",Nhà mặt phố,5,,
3.4 Tỷ,52,"Phường Vĩnh Trung, Quận Thanh Khê",Nhà mặt phố,5,3.0,4.0
2.55 Tỷ,54,", Quận Thanh Khê",Nhà đất thổ cư,4,2.0,2.0
3.5 Tỷ,79,", Quận Liên Chiểu",Nhà đất thổ cư,5,3.0,3.0
14 Tỷ,200,"Phường Khuê Mỹ, Quận Ngũ Hành Sơn","Nhà biệt thự, liền kề",10,6.0,6.0
5.19 Tỷ,72,", Quận Liên Chiểu",Nhà đất thổ cư,4,3.0,4.0
2.85 Tỷ,112,"Phường Hòa Thọ Đông, Quận Cẩm Lệ",Nhà trong ngõ,7,,
6.5 Tỷ,100,"Phường Hòa Xuân, Quận Cẩm Lệ",Nhà mặt phố,5,3.0,2.0
2.9 Tỷ,82,"Phường Hòa Phát, Quận Cẩm Lệ",Nhà trong ngõ,7,3.0,3.0
17 Tỷ,112,"Phường Hòa Cường Nam, Quận Hải Châu",Nhà mặt phố,4,,
2990 Tỷ,68,"Phường Hòa Hiệp Bắc, Quận Liên Chiểu",Nhà đất thổ cư,3,3.0,
5.64 Tỷ,90,"Phường Hòa Hải, Quận Ngũ Hành Sơn","Nhà biệt thự, liền kề",5,5.0,7.0
3.5 Tỷ,62,"Phường Khuê Mỹ, Quận Ngũ Hành Sơn",Nhà mặt phố,9,1.0,1.0
2.45 Tỷ,75,"Phường Hòa Phát, Quận Cẩm Lệ",Nhà đất thổ cư,12,,2.0
1.75 Tỷ,55,"Phường Hòa Hiệp Nam, Quận Liên Chiểu",Nhà mặt phố,6,1.0,1.0
3.4 Tỷ,65,"Phường Hòa Cường Bắc, Quận Hải Châu",Nhà mặt phố,4,3.0,2.0
8.5 Tỷ,190,"Phường An Hải Đông, Quận Sơn Trà",Nhà trong ngõ,12,,
2.98 Tỷ,54,", Quận Hải Châu",Nhà đất thổ cư,4,3.0,3.0
2.35 Tỷ,48,", Quận Thanh Khê",Nhà đất thổ cư,4,2.0,2.0
5.95 Tỷ,75,", Quận Liên Chiểu",Nhà đất thổ cư,5,3.0,4.0
13.8 Tỷ,233,"Phường Nại Hiên Đông, Quận Sơn Trà","Nhà biệt thự, liền kề",6,4.0,4.0
1.9 Tỷ,71,"Phường Hòa Hải, Quận Ngũ Hành Sơn",Căn hộ chung cư,7,2.0,2.0
1.6 Tỷ,56,"Phường Hòa Hải, Quận Ngũ Hành Sơn",Căn hộ chung cư,7,2.0,2.0
4.75 Tỷ,125,"Phường Hòa Xuân, Quận Cẩm Lệ",Nhà mặt phố,5,4.0,2.0
14 Tỷ,100,"Phường Hòa Xuân, Quận Cẩm Lệ",Nhà đất thổ cư,5,4.0,3.0
3.2 Tỷ,95,"Phường Hòa Xuân, Quận Cẩm Lệ",Nhà mặt phố,5,2.0,1.0
3 Tỷ,80,"Phường Hòa Cường Bắc, Quận Hải Châu",Nhà đất thổ cư,4,3.0,2.0
4.15 Tỷ,80,"Phường Khuê Trung, Quận Cẩm Lệ",Nhà mặt phố,5,3.0,3.0
3.3 Tỷ,62,"Phường Khuê Mỹ, Quận Ngũ Hành Sơn",Nhà trong ngõ,5,7.0,7.0
4.75 Tỷ,120,"Phường Hòa Minh, Quận Liên Chiểu",Nhà mặt phố,5,5.0,
18 Tỷ,300,"Phường Mỹ An, Quận Ngũ Hành Sơn","Nhà biệt thự, Liền kề",15,3.0,3.0
29 Tỷ,300,"Phường Mỹ An, Quận Ngũ Hành Sơn","Nhà biệt thự, Liền kề",15,5.0,5.0
31 Tỷ,300,"Phường Hòa Hải, Quận Ngũ Hành Sơn","Nhà biệt thự, Liền kề",15,5.0,5.0
4 Tỷ,100,"Phường Hòa An, Quận Cẩm Lệ",Nhà mặt phố,5,2.0,2.0
65 Triệu,100,"Phường An Hải Bắc, Quận Sơn Trà",Nhà đất thổ cư,5,4.0,3.0
2.21 Tỷ,60,"Phường Hòa Phát, Quận Cẩm Lệ",Nhà trong ngõ,4,3.0,3.0
3.1 Tỷ,55,"Phường Thanh Bình, Quận Hải Châu",Nhà mặt phố,4,3.0,2.0
3.15 Tỷ,56,"Phường Thanh Bình, Quận Hải Châu",Nhà đất thổ cư,4,3.0,2.0
3.08 Tỷ,55,"Phường Thanh Bình, Quận Hải Châu",Nhà đất thổ cư,4,3.0,2.0
4.3 Tỷ,71,"Phường Hòa Cường Bắc, Quận Hải Châu",Nhà đất thổ cư,5,3.0,3.0
3.18 Tỷ,60,"Phường Bình Thuận, Quận Hải Châu",Nhà đất thổ cư,5,2.0,2.0
3.2 Tỷ,62,"Phường Bình Thuận, Quận Hải Châu",Nhà trong ngõ,5,2.0,2.0
3.15 Tỷ,61,"Phường Bình Thuận, Quận Hải Châu",Nhà trong ngõ,5,3.0,2.0
3.52 Tỷ,67,"Phường Thạch Thang, Quận Hải Châu",Nhà trong ngõ,4,3.0,3.0
3.6 Tỷ,68,"Phường Thạch Thang, Quận Hải Châu",Nhà trong ngõ,5,3.0,3.0
3.6 Tỷ,67,"Phường Thạch Thang, Quận Hải Châu",Nhà trong ngõ,4,3.0,3.0
4.7 Tỷ,66,"Phường Thuận Phước, Quận Hải Châu",Nhà trong ngõ,6,3.0,4.0
3.75 Tỷ,65,"Phường Xuân Hà, Quận Thanh Khê",Nhà trong ngõ,4,3.0,3.0
3.18 Tỷ,60,"Phường Bình Thuận, Quận Hải Châu",Nhà mặt phố,5,3.0,2.0
4.7 Tỷ,68,"Phường Thuận Phước, Quận Hải Châu",Nhà mặt phố,5,3.0,3.0
3.1 Tỷ,55,"Phường Thanh Bình, Quận Hải Châu",Nhà đất thổ cư,4,3.0,2.0
3.15 Tỷ,56,"Phường Thanh Bình, Quận Hải Châu",Nhà đất thổ cư,4,3.0,2.0
2.56 Tỷ,52,"Phường Hòa Thuận Đông, Quận Hải Châu",Nhà mặt phố,4,2.0,2.0
2.6 Tỷ,52,"Phường Bình Thuận, Quận Hải Châu",Nhà mặt phố,4,2.0,2.0
17 Tỷ,230,"Phường Mỹ An, Quận Ngũ Hành Sơn",Nhà mặt phố,9,,
17 Tỷ,230,"Phường Mỹ An, Quận Ngũ Hành Sơn",Nhà mặt phố,9,7.0,8.0
3.35 Tỷ,70,"Phường Hòa Minh, Quận Liên Chiểu",Nhà trong ngõ,4,,
5.5 Tỷ,105,"Phường Hòa Hải, Quận Ngũ Hành Sơn",Nhà mặt phố,5,,
12 Tỷ,120,"Phường Mỹ An, Quận Ngũ Hành Sơn",Nhà mặt phố,12,9.0,6.0
2.68 Tỷ,51,", Quận Thanh Khê",Nhà đất thổ cư,4,3.0,3.0
2.9 Tỷ,50,"Phường Thanh Khê Đông, Quận Thanh Khê",Căn hộ chung cư,5,1.0,1.0
3 Tỷ,54,"Phường An Khê, Quận Thanh Khê",Căn hộ chung cư,6,1.0,1.0
2.96 Tỷ,54,"Phường An Khê, Quận Thanh Khê",Căn hộ chung cư,5,1.0,1.0
5 Tỷ,82,"Phường Khuê Mỹ, Quận Ngũ Hành Sơn",Căn hộ chung cư,13,,2.0
5.2 Tỷ,60,"Phường Mỹ An, Quận Ngũ Hành Sơn",Nhà đất thổ cư,4,2.0,2.0
20.9 Tỷ,182,", Quận Ngũ Hành Sơn","Nhà biệt thự, liền kề",10,4.0,5.0
2.6 Tỷ,50,"Phường Nại Hiên Đông, Quận Sơn Trà",Nhà mặt phố,4,2.0,2.0
61 Triệu,129,"Phường Hòa Hải, Quận Ngũ Hành Sơn",Nhà mặt phố,6,3.0,3.0
3.7 Tỷ,97,"Phường Hòa Khánh Nam, Quận Liên Chiểu",Nhà trong ngõ,5,3.0,2.0
3.8 Tỷ,97,"Phường Hòa Khánh Nam, Quận Liên Chiểu",Nhà trong ngõ,5,3.0,2.0
6.45 Tỷ,100,"Phường Mỹ An, Quận Ngũ Hành Sơn",Nhà đất thổ cư,3,3.0,1.0
3.55 Tỷ,71,", Quận Liên Chiểu",Nhà đất thổ cư,4,3.0,4.0
2.57 Tỷ,52,"Phường Hòa Thuận Đông, Quận Hải Châu",Nhà trong ngõ,4,2.0,2.0
4.7 Tỷ,68,"Phường Thuận Phước, Quận Hải Châu",Nhà đất thổ cư,5,3.0,3.0
4.25 Tỷ,71,"Phường Hòa Cường Bắc, Quận Hải Châu",Nhà mặt phố,5,3.0,3.0
3.2 Tỷ,62,"Phường Bình Thuận, Quận Hải Châu",Nhà mặt phố,5,2.0,2.0
5.1 Tỷ,90,"Phường Hòa Hiệp Bắc, Quận Liên Chiểu",Nhà đất thổ cư,5,3.0,4.0
15 Tỷ,212,"Phường An Hải Đông, Quận Sơn Trà",Nhà mặt phố,10,2.0,2.0
3.6 Tỷ,67,"Phường Thọ Quang, Quận Sơn Trà",Nhà trong ngõ,5,2.0,2.0
2.57 Tỷ,52,"Phường Hòa Thuận Đông, Quận Hải Châu",Nhà mặt phố,4,2.0,2.0
3.2 Tỷ,60,"Phường Bình Hiên, Quận Hải Châu",Nhà trong ngõ,7,4.0,5.0
9 Tỷ,100,"Phường Tam Thuận, Quận Thanh Khê",Nhà đất thổ cư,5,3.0,3.0
8.6 Tỷ,125,"Phường Hòa Minh, Quận Liên Chiểu",Nhà đất thổ cư,8,3.0,3.0
4.2 Tỷ,85,"Phường An Khê, Quận Thanh Khê",Nhà mặt phố,5,3.0,3.0
4.1 Tỷ,138,"Phường Hòa Khê, Quận Thanh Khê",Nhà mặt phố,5,3.0,3.0
4.8 Tỷ,92,"Phường Khuê Trung, Quận Cẩm Lệ",Nhà mặt phố,5,2.0,1.0
6 Tỷ,100,"Phường An Hải Tây, Quận Sơn Trà",Nhà mặt phố,5,,
1450 Tỷ,102,"Phường Hòa Thuận Đông, Quận Hải Châu",Nhà mặt phố,5,4.0,4.0
6 Tỷ,100,"Phường An Hải Bắc, Quận Sơn Trà",Nhà mặt phố,5,,
4.5 Tỷ,64,"Phường Mỹ An, Quận Ngũ Hành Sơn",Nhà đất thổ cư,5,4.0,2.0
3.4 Tỷ,82,"Phường Phước Mỹ, Quận Sơn Trà",Nhà đất thổ cư,5,4.0,2.0
6.5 Tỷ,100,"Phường Mỹ An, Quận Ngũ Hành Sơn",Nhà trong ngõ,5,6.0,6.0
4.6 Tỷ,65,"Phường An Hải Bắc, Quận Sơn Trà",Nhà mặt phố,5,4.0,4.0
4.6 Tỷ,79,"Phường An Hải Bắc, Quận Sơn Trà",Nhà đất thổ cư,5,4.0,4.0
4 Tỷ,68,"Phường An Hải Bắc, Quận Sơn Trà",Nhà đất thổ cư,5,4.0,
4.7 Tỷ,100,"Phường An Hải Đông, Quận Sơn Trà",Nhà trong ngõ,5,3.0,2.0
4.6 Tỷ,76,"Phường An Hải Đông, Quận Sơn Trà",Nhà đất thổ cư,5,4.0,3.0
3 Tỷ,60,"Phường An Hải Đông, Quận Sơn Trà",Nhà mặt phố,5,3.0,2.0
3.8 Tỷ,95,"Phường Mỹ An, Quận Ngũ Hành Sơn",Nhà mặt phố,11,,
3.55 Tỷ,70,"Phường Hòa Minh, Quận Liên Chiểu",Nhà đất thổ cư,4,3.0,3.0
4.3 Tỷ,52,"Phường Tam Thuận, Quận Thanh Khê",Nhà trong ngõ,5,4.0,4.0
4.5 Tỷ,100,"Phường Hòa Hiệp Bắc, Quận Liên Chiểu",Nhà mặt phố,5,3.0,3.0
4 Tỷ,65,"Phường Chính Gián, Quận Thanh Khê",Nhà trong ngõ,4,4.0,4.0
5600 Tỷ,250,"Phường Hòa Hiệp Bắc, Quận Liên Chiểu","Nhà biệt thự, liền kề",10,,
4.33 Tỷ,52,"Phường An Khê, Quận Thanh Khê",Nhà trong ngõ,5,4.0,4.0
4.6 Tỷ,65,"Phường An Hải Bắc, Quận Sơn Trà",Nhà trong ngõ,5,4.0,4.0
1.6 Tỷ,50,"Phường Thanh Khê Đông, Quận Thanh Khê",Nhà trong ngõ,4,2.0,1.0
2 Tỷ,90,"Phường Hòa Khê, Quận Thanh Khê",Nhà trong ngõ,5,6.0,2.0
1.79 Tỷ,57,"Phường Hòa Hiệp Nam, Quận Liên Chiểu",Căn hộ chung cư,6,,
5.51 Tỷ,95,"Phường An Hải Bắc, Quận Sơn Trà",Nhà trong ngõ,5,,
3 Tỷ,90,"Phường An Hải Bắc, Quận Sơn Trà",Nhà mặt phố,5,,
110 Triệu,1504,"Phường Bình Thuận, Quận Hải Châu",Căn hộ chung cư,7,2.0,2.0
3790 Tỷ,52,"Phường Hòa Thuận Tây, Quận Hải Châu",Nhà mặt phố,4,3.0,3.0
3 Tỷ,44,"Phường An Khê, Quận Thanh Khê",Nhà mặt phố,4,3.0,3.0
3 Tỷ,43,"Phường Vĩnh Trung, Quận Thanh Khê",Nhà trong ngõ,6,2.0,2.0
21.6 Tỷ,200,"Phường Hòa Cường Nam, Quận Hải Châu","Nhà biệt thự, liền kề",8,4.0,4.0
1.2 Tỷ,811,"Xã Hòa Khương, Huyện Hòa Vang","Nhà biệt thự, liền kề",5,2.0,2.0
2.6 Tỷ,60,"Phường Xuân Hà, Quận Thanh Khê",Nhà trong ngõ,6,2.0,
9.5 Tỷ,95,"Phường Thanh Bình, Quận Hải Châu",Nhà mặt phố,5,5.0,3.0
4 Tỷ,65,"Phường Mỹ An, Quận Ngũ Hành Sơn",Condotel,23,2.0,2.0
5.4 Tỷ,125,"Phường Hòa Minh, Quận Liên Chiểu",Nhà mặt phố,5,4.0,4.0
12.5 Tỷ,70,"Phường Thanh Bình, Quận Hải Châu",Nhà mặt phố,10,,
2.25 Tỷ,66,"Phường Hòa Khánh Nam, Quận Liên Chiểu",Nhà trong ngõ,5,2.0,
4.2 Tỷ,100,"Phường Hòa Quý, Quận Ngũ Hành Sơn",Nhà mặt phố,5,3.0,3.0
20.1 Tỷ,350,"Phường Phước Mỹ, Quận Sơn Trà",Nhà mặt phố,15,3.0,3.0
13.8 Tỷ,70,"Phường Mỹ An, Quận Ngũ Hành Sơn",Nhà mặt phố,5,4.0,5.0
3.3 Tỷ,100,"Phường Hòa Phát, Quận Cẩm Lệ",Nhà mặt phố,5,3.0,2.0
3.5 Tỷ,75,"Phường Hòa Phát, Quận Cẩm Lệ",Nhà mặt phố,5,,
13.8 Tỷ,70,"Phường Mỹ An, Quận Ngũ Hành Sơn",Nhà mặt phố,5,4.0,5.0
3.85 Tỷ,44,"Phường Thạch Thang, Quận Hải Châu",Nhà đất thổ cư,4,3.0,3.0
4.2 Tỷ,180,"Phường Thanh Khê Đông, Quận Thanh Khê","Nhà biệt thự, liền kề",4,4.0,5.0
3.95 Tỷ,65,"Phường Hòa Khê, Quận Thanh Khê",Nhà mặt phố,4,3.0,3.0
2.6 Tỷ,120,"Phường Hòa Khánh Bắc, Quận Liên Chiểu",Nhà mặt phố,5,2.0,1.0
4.25 Tỷ,120,"Phường Hòa Khánh Bắc, Quận Liên Chiểu",Nhà trong ngõ,10,,
4.9 Tỷ,100,"Phường Hòa Xuân, Quận Cẩm Lệ",Nhà mặt phố,5,3.0,4.0
16 Tỷ,75,"Phường Chính Gián, Quận Thanh Khê",Nhà mặt phố,4,3.0,3.0
7.8 Tỷ,150,"Phường Hòa Khánh Nam, Quận Liên Chiểu",Nhà mặt phố,7,4.0,3.0
2.68 Tỷ,45,"Phường Thạc Gián, Quận Thanh Khê",Nhà trong ngõ,4,2.0,2.0
4.6 Tỷ,197,"Phường Thanh Khê Đông, Quận Thanh Khê",Nhà mặt phố,5,4.0,5.0
3.8 Tỷ,100,"Phường Hòa Quý, Quận Ngũ Hành Sơn",Nhà đất thổ cư,5,3.0,3.0
5.5 Tỷ,88,"Phường Hòa Xuân, Quận Cẩm Lệ",Nhà mặt phố,5,4.0,4.0
5.25 Tỷ,60,"Phường Mỹ An, Quận Ngũ Hành Sơn",Nhà mặt phố,5,2.0,3.0
14.5 Tỷ,180,"Phường Hòa An, Quận Cẩm Lệ",Nhà mặt phố,4,5.0,5.0
11 Tỷ,200,"Phường Hòa Hải, Quận Ngũ Hành Sơn",Nhà đất thổ cư,8,3.0,2.0
4 Tỷ,59,"Phường Tam Thuận, Quận Thanh Khê",Nhà đất thổ cư,6,3.0,3.0
4 Tỷ,59,"Phường Tam Thuận, Quận Thanh Khê",Nhà đất thổ cư,6,4.0,3.0
8.7 Tỷ,160,"Phường An Khê, Quận Thanh Khê",Nhà mặt phố,6,4.0,3.0
3.29 Tỷ,70,"Phường Hòa Hiệp Nam, Quận Liên Chiểu",Nhà trong ngõ,4,2.0,3.0
2.55 Tỷ,137,"Phường Hòa Khánh Bắc, Quận Liên Chiểu",Nhà đất thổ cư,5,2.0,1.0
3.63 Tỷ,150,"Phường Hòa Khánh Bắc, Quận Liên Chiểu",Nhà mặt phố,4,4.0,2.0
4.2 Tỷ,75,"Phường Hải Châu II, Quận Hải Châu",Nhà trong ngõ,5,3.0,3.0
15.9 Tỷ,106,"Phường Xuân Hà, Quận Thanh Khê",Nhà mặt phố,9,2.0,2.0
4 Tỷ,72,", Quận Liên Chiểu",Nhà mặt phố,4,3.0,
2.7 Tỷ,93,", Quận Liên Chiểu",Nhà trong ngõ,4,3.0,2.0
11 Tỷ,110,"Phường Mỹ An, Quận Ngũ Hành Sơn",Nhà mặt phố,5,,
12 Tỷ,88,"Phường An Hải Bắc, Quận Sơn Trà","Nhà biệt thự, liền kề",5,11.0,11.0
4.5 Tỷ,100,"Phường Hòa Quý, Quận Ngũ Hành Sơn","Nhà biệt thự, liền kề",5,,
4 Tỷ,51,"Phường An Hải Bắc, Quận Sơn Trà",Nhà mặt phố,4,2.0,2.0
4 Tỷ,51,"Phường An Hải Bắc, Quận Sơn Trà",Nhà mặt phố,4,3.0,2.0
32 Tỷ,530,"Phường Hòa Hải, Quận Ngũ Hành Sơn","Nhà biệt thự, liền kề",20,4.0,4.0
13.5 Tỷ,200,"Phường Hòa Thọ Đông, Quận Cẩm Lệ",Nhà mặt phố,10,3.0,2.0
97 Triệu,850,"Phường Hòa Hải, Quận Ngũ Hành Sơn","Nhà biệt thự, liền kề",15,5.0,6.0
8.3 Tỷ,100,"Phường An Hải Bắc, Quận Sơn Trà",Nhà mặt phố,5,7.0,4.0
3.6 Tỷ,100,"Phường Hòa Xuân, Quận Cẩm Lệ",Nhà mặt phố,5,3.0,3.0
5.44 Tỷ,83,"Phường Khuê Mỹ, Quận Ngũ Hành Sơn",Căn hộ chung cư,8,2.0,2.0
2.95 Tỷ,80,"Phường Hòa Cường Bắc, Quận Hải Châu",Nhà trong ngõ,3,2.0,1.0
2.3 Tỷ,42,"Phường Phước Mỹ, Quận Sơn Trà",Căn hộ chung cư,20,1.0,1.0
2.1 Tỷ,1220,"Phường Mỹ An, Quận Ngũ Hành Sơn",Căn hộ chung cư,7,2.0,
4.34 Tỷ,60,"Phường Hòa Cường Nam, Quận Hải Châu",Nhà mặt phố,5,3.0,3.0
4.35 Tỷ,60,"Phường Hòa Cường Nam, Quận Hải Châu",Nhà mặt phố,5,4.0,3.0
7 Tỷ,130,"Phường Hòa Hải, Quận Ngũ Hành Sơn",Nhà mặt phố,5,4.0,3.0
7.5 Tỷ,130,"Phường Hòa Hải, Quận Ngũ Hành Sơn",Nhà mặt phố,5,4.0,3.0
3 Tỷ,100,"Phường Khuê Mỹ, Quận Ngũ Hành Sơn",Nhà mặt phố,6,3.0,2.0
7 Tỷ,182,"Phường Hòa Hải, Quận Ngũ Hành Sơn",Nhà mặt phố,7,4.0,3.0
42 Tỷ,292,"Phường Phước Mỹ, Quận Sơn Trà","Nhà biệt thự, Liền kề",11,11.0,11.0
4.2 Tỷ,106,"Phường Hòa Khánh Nam, Quận Liên Chiểu",Nhà mặt phố,5,4.0,
4 Tỷ,70,"Phường An Hải Đông, Quận Sơn Trà",Nhà trong ngõ,4,4.0,4.0
3.15 Tỷ,80,"Phường Hòa Minh, Quận Liên Chiểu",Nhà trong ngõ,4,,
2.4 Tỷ,72,"Phường Hòa An, Quận Cẩm Lệ",Nhà trong ngõ,6,3.0,2.0
9.2 Tỷ,100,"Phường Hòa Khánh Nam, Quận Liên Chiểu",Nhà mặt phố,5,,
3.55 Tỷ,100,"Phường Hòa Minh, Quận Liên Chiểu",Nhà mặt phố,5,4.0,
5.8 Tỷ,106,"Phường Hòa Thuận Tây, Quận Hải Châu",Nhà trong ngõ,6,3.0,
9 Tỷ,65,"Phường An Khê, Quận Thanh Khê",Nhà mặt phố,4,5.0,3.0
5 Tỷ,120,"Phường An Hải Đông, Quận Sơn Trà",Nhà mặt phố,5,,
16.2 Tỷ,137,"Phường Thanh Bình, Quận Hải Châu",Nhà mặt phố,8,6.0,5.0
4.7 Tỷ,110,"Phường An Hải Bắc, Quận Sơn Trà",Nhà mặt phố,5,3.0,1.0
3.99 Tỷ,72,"Phường Hòa Khê, Quận Thanh Khê",Nhà trong ngõ,6,3.0,3.0
3.6 Tỷ,100,"Phường Hòa Xuân, Quận Cẩm Lệ",Nhà mặt phố,5,3.0,
3.55 Tỷ,75,"Phường Thanh Khê Tây, Quận Thanh Khê",Nhà mặt phố,5,2.0,2.0
2.55 Tỷ,56,"Phường Hòa Minh, Quận Liên Chiểu",Nhà trong ngõ,8,2.0,2.0
2.55 Tỷ,56,"Phường Hòa Minh, Quận Liên Chiểu",Nhà trong ngõ,8,2.0,2.0
4.5 Tỷ,56,"Phường Thanh Khê Đông, Quận Thanh Khê","Nhà biệt thự, Liền kề",4,4.0,5.0
4.8 Tỷ,105,"Phường Khuê Mỹ, Quận Ngũ Hành Sơn",Căn hộ chung cư,8,3.0,3.0
2.75 Tỷ,130,"Phường Hòa Hiệp Bắc, Quận Liên Chiểu",Nhà trong ngõ,4,3.0,2.0
1.85 Tỷ,72,"Phường Hòa Khánh Nam, Quận Liên Chiểu",Nhà mặt phố,4,2.0,1.0
3.75 Tỷ,100,", Quận Cẩm Lệ",Nhà mặt phố,5,3.0,2.0
4.2 Tỷ,80,"Phường Chính Gián, Quận Thanh Khê",Nhà trong ngõ,5,3.0,2.0
1.88 Tỷ,50,"Phường Hòa Khê, Quận Thanh Khê",Nhà trong ngõ,15,2.0,1.0
1.88 Tỷ,50,"Phường Hòa Khê, Quận Thanh Khê",Nhà trong ngõ,15,2.0,1.0
8.5 Tỷ,114,"Phường Vĩnh Trung, Quận Thanh Khê",Nhà mặt phố,3,4.0,2.0
17.5 Tỷ,1,"Phường Hòa Cường Bắc, Quận Hải Châu",Nhà mặt phố,10,3.0,3.0
3 Tỷ,80,"Phường Hòa An, Quận Cẩm Lệ",Nhà trong ngõ,5,3.0,2.0
3.1 Tỷ,81,"Phường Hòa Cường Nam, Quận Hải Châu",Nhà trong ngõ,10,2.0,1.0
2.5 Tỷ,145,"Phường Hòa An, Quận Cẩm Lệ",Nhà trong ngõ,6,2.0,1.0
6.3 Tỷ,72,"Phường Hòa Cường Nam, Quận Hải Châu",Nhà mặt phố,4,4.0,
3.43 Tỷ,65,"Phường Thanh Khê Đông, Quận Thanh Khê",Nhà trong ngõ,4,3.0,
3.25 Tỷ,63,"Phường Hòa Khê, Quận Thanh Khê",Nhà trong ngõ,3,3.0,
3.5 Tỷ,52,"Phường Thạch Thang, Quận Hải Châu",Nhà mặt phố,4,6.0,
4.2 Tỷ,110,"Phường Hòa An, Quận Cẩm Lệ",Nhà mặt phố,5,2.0,1.0
3.1 Tỷ,81,"Phường Hòa Cường Nam, Quận Hải Châu",Nhà trong ngõ,10,2.0,1.0
43 Tỷ,150,"Phường Phước Mỹ, Quận Sơn Trà",Nhà mặt phố,7,11.0,11.0
2.85 Tỷ,60,"Phường Bình Thuận, Quận Hải Châu",Nhà trong ngõ,4,2.0,2.0
6.5 Tỷ,100,"Phường Khuê Mỹ, Quận Ngũ Hành Sơn",Nhà mặt phố,5,,
3.5 Tỷ,50,"Phường Hòa Thuận Tây, Quận Hải Châu",Nhà trong ngõ,5,3.0,
3.52 Tỷ,87,"Phường Hòa Khê, Quận Thanh Khê",Nhà trong ngõ,3,4.0,
3.15 Tỷ,75,"Phường Vĩnh Trung, Quận Thanh Khê",Nhà trong ngõ,4,4.0,4.0
4.2 Tỷ,110,"Phường Hòa An, Quận Cẩm Lệ",Nhà mặt phố,5,2.0,1.0
5.65 Tỷ,110,", Quận Hải Châu",Nhà trong ngõ,4,3.0,
600 Triệu,125,"Tất cả, Huyện Hòa Vang",Condotel,6,,
7.3 Tỷ,247,"Phường Khuê Mỹ, Quận Ngũ Hành Sơn",Nhà mặt phố,10,,
4.5 Tỷ,80,"Phường Thanh Bình, Quận Hải Châu",Nhà trong ngõ,5,4.0,5.0
3.5 Tỷ,100,"Xã Hòa Phước, Huyện Hòa Vang",Nhà mặt phố,5,1.0,1.0
5.85 Tỷ,150,"Phường Hòa Hải, Quận Ngũ Hành Sơn","Nhà biệt thự, Liền kề",7,1.0,1.0
5.6 Tỷ,93,"Phường An Hải Bắc, Quận Sơn Trà",Nhà mặt phố,5,3.0,2.0
3 Tỷ,54,"Phường An Khê, Quận Thanh Khê",Nhà mặt phố,4,,
3.36 Tỷ,56,"Phường Hòa Hiệp Nam, Quận Liên Chiểu",Căn hộ chung cư,7,1.0,1.0
5.4 Tỷ,140,"Phường Hòa Hiệp Nam, Quận Liên Chiểu","Nhà biệt thự, Liền kề",10,3.0,
3 Tỷ,65,"Phường Hòa Khê, Quận Thanh Khê",Nhà trong ngõ,4,2.0,1.0
3.33 Tỷ,90,"Phường Hòa An, Quận Cẩm Lệ",Nhà mặt phố,5,3.0,2.0
3.4 Tỷ,64,"Phường Thạc Gián, Quận Thanh Khê",Nhà trong ngõ,4,4.0,
3.55 Tỷ,75,"Phường Hòa Phát, Quận Cẩm Lệ",Nhà mặt phố,5,3.0,2.0
18 Tỷ,195,", Quận Hải Châu",Nhà mặt phố,6,17.0,17.0
860 Triệu,32,", Quận Hải Châu",Căn hộ chung cư,3,1.0,1.0
6 Tỷ,90,"Phường Hòa Minh, Quận Liên Chiểu",Nhà mặt phố,5,4.0,4.0
8 Tỷ,98,"Phường Phước Mỹ, Quận Sơn Trà",Nhà mặt phố,5,2.0,1.0
5.8 Tỷ,72,", Quận Hải Châu",Nhà mặt phố,4,3.0,2.0
150 Triệu,230,"Phường Hòa Quý, Quận Ngũ Hành Sơn","Nhà biệt thự, Liền kề",12,,
4.8 Tỷ,68,"Phường Thạch Thang, Quận Hải Châu",Nhà trong ngõ,6,3.0,3.0
35 Tỷ,330,"Phường An Hải Đông, Quận Sơn Trà",Nhà mặt phố,81,,
3.5 Tỷ,50,"Phường Thạch Thang, Quận Hải Châu",Nhà mặt phố,4,6.0,
2.05 Tỷ,55,"Phường Thạc Gián, Quận Thanh Khê",Nhà trong ngõ,7,2.0,2.0
2.07 Tỷ,40,"Phường Hải Châu I, Quận Hải Châu",Nhà trong ngõ,4,3.0,2.0
2.65 Tỷ,70,"Phường Hòa Khánh Nam, Quận Liên Chiểu",Nhà trong ngõ,3,3.0,2.0
3.1 Tỷ,56,"Phường Hòa Khê, Quận Thanh Khê",Nhà trong ngõ,4,3.0,1.0
4.2 Tỷ,65,"Phường Hòa Cường Nam, Quận Hải Châu",Nhà mặt phố,5,2.0,2.0
30 Tỷ,300,"Phường Hòa Xuân, Quận Cẩm Lệ","Nhà biệt thự, Liền kề",15,,
30 Tỷ,300,"Phường Hòa Xuân, Quận Cẩm Lệ","Nhà biệt thự, Liền kề",15,,
3.65 Tỷ,70,"Phường Khuê Trung, Quận Cẩm Lệ",Nhà mặt phố,5,3.0,
4.8 Tỷ,150,"Phường Hòa Hải, Quận Ngũ Hành Sơn","Nhà biệt thự, Liền kề",15,4.0,2.0
6 Tỷ,70,"Phường Hải Châu I, Quận Hải Châu",Căn hộ chung cư,15,2.0,2.0
4 Tỷ,85,"Phường Hòa Thọ Đông, Quận Cẩm Lệ",Nhà mặt phố,5,4.0,
4.3 Tỷ,75,"Phường Thạc Gián, Quận Thanh Khê",Nhà trong ngõ,5,3.0,
1.85 Tỷ,72,"Phường Hòa Khánh Nam, Quận Liên Chiểu",Nhà mặt phố,4,2.0,1.0
539.4 Triệu,62,"Phường An Khê, Quận Thanh Khê",Nhà mặt phố,5,2.0,3.0
5.75 Tỷ,96,"Phường Hòa An, Quận Cẩm Lệ",Nhà mặt phố,5,5.0,5.0
16 Tỷ,110,"Phường Khuê Mỹ, Quận Ngũ Hành Sơn",Nhà mặt phố,15,,
1.17 Tỷ,65,"Phường Hòa Minh, Quận Liên Chiểu",Nhà trong ngõ,5,2.0,1.0
3.5 Tỷ,77,"Phường Phước Ninh, Quận Hải Châu",Nhà trong ngõ,5,2.0,2.0
3.1 Tỷ,56,"Phường Vĩnh Trung, Quận Thanh Khê",Nhà trong ngõ,4,3.0,2.0
3.1 Tỷ,56,"Phường An Khê, Quận Thanh Khê",Nhà trong ngõ,4,2.0,2.0
169 Triệu,52,"Phường Hòa Minh, Quận Liên Chiểu",Nhà trong ngõ,7,3.0,3.0
2.5 Tỷ,70,"Phường Hòa Hiệp Bắc, Quận Liên Chiểu",Nhà trong ngõ,3,2.0,1.0
110 Triệu,70,"Phường Hải Châu I, Quận Hải Châu",Căn hộ chung cư,15,2.0,2.0
16.3 Tỷ,137,"Phường An Hải Đông, Quận Sơn Trà",Nhà mặt phố,8,3.0,3.0
30 Tỷ,300,"Phường Hòa Xuân, Quận Cẩm Lệ","Nhà biệt thự, Liền kề",15,,
30 Tỷ,300,"Phường Hòa Xuân, Quận Cẩm Lệ","Nhà biệt thự, Liền kề",15,,
30 Tỷ,300,"Phường Hòa Xuân, Quận Cẩm Lệ","Nhà biệt thự, Liền kề",15,,
30 Tỷ,300,"Phường Hòa Xuân, Quận Cẩm Lệ","Nhà biệt thự, Liền kề",15,,
3.4 Tỷ,100,"Phường Hòa Cường Bắc, Quận Hải Châu",Nhà trong ngõ,5,2.0,3.0
25 Tỷ,230,"Phường Hòa Quý, Quận Ngũ Hành Sơn","Nhà biệt thự, Liền kề",10,,
24.5 Tỷ,159,"Phường Bình Hiên, Quận Hải Châu",Nhà mặt phố,5,4.0,4.0
2.95 Tỷ,129,", Quận Liên Chiểu",Nhà trong ngõ,4,6.0,6.0
5.6 Tỷ,68,", Quận Hải Châu",Nhà mặt phố,4,3.0,2.0
3.5 Tỷ,70,"Phường Khuê Trung, Quận Cẩm Lệ",Nhà mặt phố,5,3.0,2.0
4.9 Tỷ,127,"Xã Hòa Sơn, Huyện Hòa Vang",Nhà mặt phố,5,3.0,2.0
17.6 Tỷ,187,"Phường Hòa Thọ Tây, Quận Cẩm Lệ",Nhà mặt phố,8,4.0,4.0
2.1 Tỷ,108,"Phường Hòa Hải, Quận Ngũ Hành Sơn",Nhà trong ngõ,5,2.0,1.0
2.1 Tỷ,108,"Phường Khuê Mỹ, Quận Ngũ Hành Sơn",Nhà trong ngõ,5,,
3.45 Tỷ,50,"Phường Hòa Cường Bắc, Quận Hải Châu",Nhà mặt phố,4,3.0,3.0
2.8 Tỷ,63,"Phường Phước Ninh, Quận Hải Châu",Nhà trong ngõ,4,2.0,2.0
115 Triệu,248,"Phường Hòa Xuân, Quận Cẩm Lệ",Nhà mặt phố,15,4.0,4.0
4.6 Tỷ,130,"Phường Hòa Cường Bắc, Quận Hải Châu",Nhà trong ngõ,4,3.0,3.0
5.2 Tỷ,110,"Phường Hòa Hải, Quận Ngũ Hành Sơn",Nhà mặt phố,5,4.0,4.0
3.9 Tỷ,100,"Phường Hòa Hiệp Bắc, Quận Liên Chiểu",Nhà mặt phố,7,6.0,3.0
2100 Tỷ,100,"Phường Khuê Trung, Quận Cẩm Lệ",Nhà trong ngõ,5,2.0,1.0
4.6 Tỷ,90,"Phường Hòa Cường Bắc, Quận Hải Châu",Nhà mặt phố,4,3.0,3.0
6.7 Tỷ,90,"Phường Khuê Mỹ, Quận Ngũ Hành Sơn",Nhà mặt phố,5,4.0,3.0
3.9 Tỷ,260,", Quận Hải Châu",Nhà mặt phố,5,4.0,4.0
5.75 Tỷ,110,"Phường Hòa Thuận Tây, Quận Hải Châu",Nhà trong ngõ,4,3.0,4.0
5.95 Tỷ,56,"Phường Chính Gián, Quận Thanh Khê",Nhà mặt phố,4,4.0,4.0
4.2 Tỷ,152,"Phường Chính Gián, Quận Thanh Khê",Nhà mặt phố,8,3.0,3.0
870 Triệu,33,"Phường Bình Hiên, Quận Hải Châu",Căn hộ chung cư,2,1.0,1.0
27.8 Tỷ,260,"Phường Hòa Xuân, Quận Cẩm Lệ",Nhà mặt phố,15,4.0,5.0
2.8 Tỷ,65,"Phường An Khê, Quận Thanh Khê",Nhà trong ngõ,6,4.0,
3 Tỷ,50,"Phường Thạch Thang, Quận Hải Châu",Nhà trong ngõ,5,3.0,2.0
4.2 Tỷ,60,"Phường Thạch Thang, Quận Hải Châu",Nhà mặt phố,4,5.0,
356.25 Triệu,95,"Phường An Khê, Quận Thanh Khê",Nhà mặt phố,5,2.0,1.0
3.75 Tỷ,114,"Phường An Khê, Quận Thanh Khê",Nhà mặt phố,5,2.0,1.0
4.65 Tỷ,60,"Phường Hòa Minh, Quận Liên Chiểu",Nhà mặt phố,5,4.0,3.0
3.65 Tỷ,60,"Phường An Khê, Quận Thanh Khê",Nhà trong ngõ,5,3.0,4.0
93.5 Triệu,50,"Phường Chính Gián, Quận Thanh Khê",Nhà trong ngõ,4,3.0,3.0
7.3 Tỷ,108,"Phường An Khê, Quận Thanh Khê",Nhà mặt phố,5,4.0,5.0
7.3 Tỷ,108,"Phường An Khê, Quận Thanh Khê",Nhà mặt phố,5,4.0,5.0
3.2 Tỷ,65,"Phường Thạch Thang, Quận Hải Châu",Nhà trong ngõ,7,3.0,3.0
2.8 Tỷ,120,"Phường Chính Gián, Quận Thanh Khê",Nhà mặt phố,6,,
3 Tỷ,120,"Phường Tân Chính, Quận Thanh Khê",Nhà mặt phố,5,4.0,
3.2 Tỷ,75,"Phường Thạc Gián, Quận Thanh Khê",Nhà mặt phố,5,3.0,
7.4 Tỷ,71,"Phường Thạch Thang, Quận Hải Châu",Nhà trong ngõ,9,3.0,3.0
3 Tỷ,80,"Phường Thuận Phước, Quận Hải Châu",Nhà trong ngõ,4,,
1.85 Tỷ,120,"Phường Hòa Thọ Tây, Quận Cẩm Lệ",Nhà trong ngõ,5,1.0,1.0
22 Tỷ,62,"Phường Nam Dương, Quận Hải Châu",Căn hộ chung cư,14,11.0,9.0
6.5 Tỷ,90,"Phường Khuê Mỹ, Quận Ngũ Hành Sơn",Nhà mặt phố,5,4.0,3.0
5 Tỷ,95,"Phường An Khê, Quận Thanh Khê",Nhà mặt phố,5,6.0,6.0
4.8 Tỷ,80,"Phường Khuê Trung, Quận Cẩm Lệ",Nhà mặt phố,5,4.0,4.0
4.5 Tỷ,50,"Phường Hòa Cường Bắc, Quận Hải Châu",Nhà mặt phố,4,3.0,3.0
4.8 Tỷ,75,"Phường Thạc Gián, Quận Thanh Khê",Nhà trong ngõ,5,,
4550 Tỷ,50,"Phường Tam Thuận, Quận Thanh Khê",Nhà mặt phố,7,3.0,4.0
4550 Tỷ,50,"Phường Tam Thuận, Quận Thanh Khê",Nhà mặt phố,7,3.0,4.0
30 Tỷ,250,"Phường Hòa Xuân, Quận Cẩm Lệ","Nhà biệt thự, Liền kề",12,,
5.6 Tỷ,93,"Phường An Hải Bắc, Quận Sơn Trà",Nhà mặt phố,5,3.0,2.0
11.5 Tỷ,114,"Phường Khuê Mỹ, Quận Ngũ Hành Sơn",Nhà mặt phố,5,6.0,6.0
2.35 Tỷ,100,"Phường Mỹ An, Quận Ngũ Hành Sơn",Nhà mặt phố,5,11.0,11.0
8.9 Tỷ,96,"Phường Xuân Hà, Quận Thanh Khê",Nhà mặt phố,5,3.0,3.0
4.5 Tỷ,82,"Phường Hòa Thuận Đông, Quận Hải Châu",Nhà trong ngõ,4,3.0,
2.7 Tỷ,90,"Phường Chính Gián, Quận Thanh Khê",Nhà mặt phố,5,8.0,8.0
5.9 Tỷ,115,"Phường Hòa Xuân, Quận Cẩm Lệ",Nhà mặt phố,5,3.0,3.0
580 Triệu,100,"Phường Hòa Xuân, Quận Cẩm Lệ",Nhà mặt phố,5,3.0,2.0
2 Tỷ,150,"Phường An Hải Bắc, Quận Sơn Trà",Nhà trong ngõ,5,,
5.6 Tỷ,70,"Phường Hòa Cường Nam, Quận Hải Châu",Nhà mặt phố,4,2.0,2.0
9 Tỷ,280,"Phường Hòa Hiệp Bắc, Quận Liên Chiểu",Nhà mặt phố,5,4.0,
600 Triệu,71,"Phường Hòa Khánh Bắc, Quận Liên Chiểu",Căn hộ chung cư,10,3.0,2.0
30 Tỷ,300,"Phường Hòa Xuân, Quận Cẩm Lệ","Nhà biệt thự, Liền kề",12,4.0,4.0
19.1 Tỷ,175,"Phường Khuê Trung, Quận Cẩm Lệ",Nhà mặt phố,5,6.0,6.0
5.5 Tỷ,100,"Phường Hòa Hải, Quận Ngũ Hành Sơn",Nhà mặt phố,5,5.0,
4.5 Tỷ,51,"Phường Hòa Cường Bắc, Quận Hải Châu",Nhà trong ngõ,4,2.0,2.0
2.9 Tỷ,80,"Phường Hòa Thọ Đông, Quận Cẩm Lệ",Nhà mặt phố,5,,
1.17 Tỷ,46,", Quận Ngũ Hành Sơn",Căn hộ chung cư,5,1.0,2.0
5.9 Tỷ,80,"Phường Thọ Quang, Quận Sơn Trà","Nhà biệt thự, Liền kề",4,4.0,2.0
3 Tỷ,158,"Phường Hòa Khánh Nam, Quận Liên Chiểu",Nhà mặt phố,5,3.0,2.0
7 Tỷ,125,"Phường Hòa Xuân, Quận Cẩm Lệ",Nhà mặt phố,5,4.0,4.0
5 Tỷ,80,"Phường Khuê Trung, Quận Cẩm Lệ",Nhà mặt phố,5,2.0,2.0
2950 Tỷ,125,"Phường Hòa Xuân, Quận Cẩm Lệ",Nhà mặt phố,5,2.0,1.0
3.5 Tỷ,70,"Phường Hòa Cường Bắc, Quận Hải Châu",Nhà mặt phố,4,,
5.3 Tỷ,100,"Phường Hòa Xuân, Quận Cẩm Lệ",Nhà mặt phố,5,3.0,2.0
3 Tỷ,66,"Phường Chính Gián, Quận Thanh Khê",Nhà trong ngõ,4,3.0,3.0
1.85 Tỷ,44,"Phường Hòa An, Quận Cẩm Lệ",Nhà trong ngõ,4,2.0,2.0
3.5 Tỷ,72,"Phường Nại Hiên Đông, Quận Sơn Trà",Nhà mặt phố,4,2.0,2.0
2.7 Tỷ,400,"Phường Hòa Hải, Quận Ngũ Hành Sơn",Nhà trong ngõ,22,1.0,1.0
7.9 Tỷ,45,"Phường Hải Châu I, Quận Hải Châu",Nhà mặt phố,4,3.0,3.0
23 Tỷ,120,"Phường Hòa Hải, Quận Ngũ Hành Sơn",Nhà mặt phố,7,,
15 Tỷ,57,"Phường Thạch Thang, Quận Hải Châu",Nhà mặt phố,5,4.0,4.0
17 Tỷ,48,"Phường Thạch Thang, Quận Hải Châu",Nhà mặt phố,4,4.0,4.0
2.1 Tỷ,65,"Phường Hòa Xuân, Quận Cẩm Lệ",Nhà trong ngõ,4,3.0,2.0
2.85 Tỷ,80,"Phường Hòa Minh, Quận Liên Chiểu",Nhà trong ngõ,4,4.0,3.0
3.55 Tỷ,100,"Phường Hòa Khánh Bắc, Quận Liên Chiểu",Nhà mặt phố,5,4.0,3.0
3.4 Tỷ,150,"Phường Hòa Minh, Quận Liên Chiểu",Nhà mặt phố,7,3.0,2.0
17 Tỷ,210,"Phường Hòa An, Quận Cẩm Lệ","Nhà biệt thự, Liền kề",10,6.0,4.0
5.3 Tỷ,100,"Phường Hòa Minh, Quận Liên Chiểu",Nhà mặt phố,5,3.0,3.0
2.7 Tỷ,90,"Phường Thanh Khê Đông, Quận Thanh Khê",Nhà trong ngõ,12,5.0,2.0
4.1 Tỷ,83,"Phường Hòa Minh, Quận Liên Chiểu",Nhà mặt phố,5,2.0,1.0
5.3 Tỷ,106,"Phường Hòa Minh, Quận Liên Chiểu",Nhà mặt phố,6,3.0,2.0
3.4 Tỷ,60,"Phường Phước Mỹ, Quận Sơn Trà",Nhà mặt phố,7,,
3.8 Tỷ,80,"Phường Khuê Trung, Quận Cẩm Lệ",Nhà mặt phố,5,2.0,2.0
4.8 Tỷ,100,"Phường Hòa Xuân, Quận Cẩm Lệ",Nhà mặt phố,5,3.0,3.0
9 Tỷ,290,"Phường Hòa Minh, Quận Liên Chiểu",Nhà mặt phố,5,,
2.7 Tỷ,90,"Phường Thanh Khê Đông, Quận Thanh Khê",Nhà trong ngõ,12,5.0,2.0
4.4 Tỷ,90,"Phường Hòa An, Quận Cẩm Lệ",Nhà mặt phố,5,4.0,2.0
324.5 Triệu,55,"Phường Khuê Trung, Quận Cẩm Lệ",Nhà mặt phố,4,3.0,4.0
3.4 Tỷ,60,"Phường Phước Mỹ, Quận Sơn Trà",Nhà mặt phố,7,3.0,3.0
2.9 Tỷ,80,"Phường Hòa Khánh Nam, Quận Liên Chiểu",Nhà trong ngõ,4,3.0,2.0
5.3 Tỷ,110,"Phường Hòa Khánh Nam, Quận Liên Chiểu",Nhà mặt phố,5,3.0,2.0
2.5 Tỷ,70,"Phường Hòa Minh, Quận Liên Chiểu",Nhà trong ngõ,21,2.0,1.0
4.6 Tỷ,67,"Phường An Khê, Quận Thanh Khê",Nhà mặt phố,4,3.0,2.0
3.7 Tỷ,66,"Phường Mân Thái, Quận Sơn Trà",Nhà mặt phố,4,,
4.9 Tỷ,47,"Phường Hòa An, Quận Cẩm Lệ",Nhà trong ngõ,4,2.0,2.0
5.5 Tỷ,60,"Phường Thuận Phước, Quận Hải Châu",Nhà mặt phố,4,6.0,5.0
35 Tỷ,330,"Phường An Hải Đông, Quận Sơn Trà",Nhà mặt phố,81,,
2.15 Tỷ,50,"Phường Hòa Cường Bắc, Quận Hải Châu",Nhà trong ngõ,5,2.0,2.0
530 Triệu,106,"Phường Hòa Xuân, Quận Cẩm Lệ",Nhà mặt phố,5,3.0,2.0
19.2 Tỷ,180,"Phường Khuê Trung, Quận Cẩm Lệ",Nhà mặt phố,5,7.0,5.0
3.15 Tỷ,75,"Phường Xuân Hà, Quận Thanh Khê",Nhà trong ngõ,5,6.0,6.0
13.5 Tỷ,100,"Phường Khuê Trung, Quận Cẩm Lệ",Nhà mặt phố,5,11.0,11.0
5.9 Tỷ,55,"Phường Khuê Trung, Quận Cẩm Lệ",Nhà mặt phố,4,3.0,3.0
3.9 Tỷ,70,"Phường An Hải Bắc, Quận Sơn Trà",Nhà mặt phố,5,,
3.77 Tỷ,115,", Quận Cẩm Lệ",Nhà mặt phố,7,,
9.69 Tỷ,91,", Quận Hải Châu",Nhà mặt phố,4,,
536 Tỷ,98,"Phường Hòa Thuận Tây, Quận Hải Châu",Nhà trong ngõ,5,3.0,2.0
303 Tỷ,52,"Phường An Hải Bắc, Quận Sơn Trà",Nhà mặt phố,4,2.0,1.0
4.2 Tỷ,85,"Phường Khuê Mỹ, Quận Ngũ Hành Sơn",Nhà mặt phố,5,6.0,7.0
11.3 Tỷ,158,"Phường Phước Mỹ, Quận Sơn Trà",Nhà mặt phố,8,3.0,2.0
7 Tỷ,70,"Phường An Hải Bắc, Quận Sơn Trà",Nhà mặt phố,5,4.0,4.0
4.17 Tỷ,70,"Phường Hòa Cường Bắc, Quận Hải Châu",Nhà mặt phố,8,2.0,2.0
10.5 Tỷ,81,"Phường Phước Mỹ, Quận Sơn Trà",Căn hộ chung cư,5,,
14 Tỷ,60,"Phường An Hải Bắc, Quận Sơn Trà",Nhà mặt phố,7,9.0,
85 Tỷ,69,"Phường An Hải Bắc, Quận Sơn Trà",Căn hộ chung cư,5,,
5500 Tỷ,65,"Phường Thuận Phước, Quận Hải Châu",Nhà mặt phố,5,4.0,4.0
1 Tỷ,45,", Quận Liên Chiểu",Căn hộ chung cư,27,3.0,2.0
12 Tỷ,350,", Quận Ngũ Hành Sơn","Nhà biệt thự, Liền kề",33,5.0,6.0
4 Tỷ,300,", Quận Ngũ Hành Sơn","Nhà biệt thự, Liền kề",15,5.0,
8 Tỷ,90,", Quận Ngũ Hành Sơn",Nhà mặt phố,5,6.0,7.0
4.3 Tỷ,70,", Quận Hải Châu",Nhà mặt phố,4,3.0,2.0
31.3 Tỷ,179,", Quận Hải Châu",Nhà mặt phố,7,4.0,3.0
4.5 Tỷ,82,", Quận Ngũ Hành Sơn",Căn hộ chung cư,21,2.0,2.0
3 Tỷ,77,", Quận Ngũ Hành Sơn",Căn hộ chung cư,21,3.0,2.0
3 Tỷ,65,", Quận Ngũ Hành Sơn",Căn hộ chung cư,21,3.0,2.0
2.33 Tỷ,80,", Quận Hải Châu",Căn hộ chung cư,10,2.0,2.0
6.8 Tỷ,100,", Quận Ngũ Hành Sơn",Nhà mặt phố,5,3.0,4.0
1.27 Tỷ,105,", Quận Ngũ Hành Sơn",Căn hộ chung cư,21,3.0,3.0
714 Triệu,59,", Quận Ngũ Hành Sơn",Căn hộ chung cư,21,1.0,1.0
3.15 Tỷ,51,", Quận Thanh Khê",Nhà trong ngõ,4,3.0,2.0
960 Triệu,77,", Quận Ngũ Hành Sơn",Căn hộ chung cư,21,2.0,2.0
7.8 Tỷ,90,", Quận Ngũ Hành Sơn",Nhà mặt phố,4,3.0,2.0
3.95 Tỷ,80,", Quận Sơn Trà",Nhà mặt phố,5,2.0,2.0
2.25 Tỷ,62,", Quận Thanh Khê",Nhà trong ngõ,5,2.0,2.0
31 Tỷ,179,", Quận Hải Châu",Nhà mặt phố,7,4.0,3.0
2.5 Tỷ,67,", Quận Thanh Khê",Nhà trong ngõ,6,4.0,2.0
16.5 Tỷ,115,", Quận Cẩm Lệ",Nhà mặt phố,5,3.0,3.0
1.07 Tỷ,105,", Quận Ngũ Hành Sơn",Căn hộ chung cư,10,3.0,4.0
3.3 Tỷ,80,", Quận Thanh Khê",Nhà mặt phố,5,3.0,2.0
5.6 Tỷ,83,", Quận Hải Châu",Nhà mặt phố,5,4.0,4.0
3.5 Tỷ,58,", Quận Thanh Khê",Nhà trong ngõ,4,2.0,2.0
3.39 Tỷ,42,", Quận Hải Châu",Nhà trong ngõ,3,,
3.9 Tỷ,115,", Quận Cẩm Lệ",Nhà mặt phố,5,4.0,2.0
3.37 Tỷ,48,", Quận Thanh Khê",Nhà trong ngõ,4,4.0,3.0
2.35 Tỷ,40,", Quận Thanh Khê",Nhà trong ngõ,4,2.0,2.0
14.5 Tỷ,270,", Quận Ngũ Hành Sơn","Nhà biệt thự, Liền kề",15,4.0,4.0
3.4 Tỷ,41,", Quận Thanh Khê",Nhà trong ngõ,4,3.0,3.0
6.09 Tỷ,75,", Quận Hải Châu",Nhà mặt phố,4,3.0,2.0
1.99 Tỷ,33,", Quận Hải Châu",Nhà trong ngõ,3,2.0,2.0
256.5 Triệu,57,", Quận Hải Châu",Nhà trong ngõ,4,4.0,4.0
7.75 Tỷ,93,", Quận Cẩm Lệ",Nhà mặt phố,5,3.0,2.0
5.4 Tỷ,81,", Quận Hải Châu",Nhà mặt phố,4,2.0,1.0
3 Tỷ,50,", Quận Thanh Khê",Nhà trong ngõ,5,3.0,2.0
3.4 Tỷ,63,", Quận Sơn Trà",Nhà mặt phố,3,2.0,1.0
4.95 Tỷ,52,", Quận Hải Châu",Nhà trong ngõ,4,3.0,4.0
8.1 Tỷ,75,", Quận Ngũ Hành Sơn",Nhà mặt phố,5,3.0,2.0
7.3 Tỷ,88,", Quận Hải Châu",Nhà mặt phố,5,4.0,3.0
5.5 Tỷ,129,", Quận Sơn Trà",Nhà mặt phố,5,3.0,2.0
4.6 Tỷ,70,", Quận Hải Châu",Nhà mặt phố,4,4.0,2.0
4.85 Tỷ,70,", Quận Hải Châu",Nhà mặt phố,4,3.0,3.0
4.5 Tỷ,130,", Quận Ngũ Hành Sơn",Nhà trong ngõ,7,3.0,4.0
3.2 Tỷ,86,", Quận Ngũ Hành Sơn",Nhà trong ngõ,6,4.0,2.0
5.25 Tỷ,101,", Quận Ngũ Hành Sơn",Nhà mặt phố,5,4.0,2.0
3.9 Tỷ,81,", Quận Ngũ Hành Sơn",Nhà mặt phố,4,2.0,2.0
7.3 Tỷ,160,", Quận Sơn Trà",Nhà mặt phố,8,3.0,2.0
5.3 Tỷ,56,", Quận Ngũ Hành Sơn",Nhà mặt phố,5,3.0,3.0
2.1 Tỷ,70,", Quận Ngũ Hành Sơn",Căn hộ chung cư,10,2.0,2.0
3.4 Tỷ,85,", Quận Ngũ Hành Sơn",Căn hộ chung cư,120,2.0,2.0
1.7 Tỷ,85,", Quận Ngũ Hành Sơn",Căn hộ chung cư,20,2.0,2.0
2 Tỷ,85,", Quận Ngũ Hành Sơn",Căn hộ chung cư,20,2.0,2.0
12 Tỷ,180,", Quận Ngũ Hành Sơn","Nhà biệt thự, Liền kề",9,4.0,3.0
12 Tỷ,180,", Quận Ngũ Hành Sơn","Nhà biệt thự, Liền kề",9,4.0,3.0
1.7 Tỷ,85,", Quận Ngũ Hành Sơn",Căn hộ chung cư,20,,
3.25 Tỷ,80,", Quận Cẩm Lệ",Nhà mặt phố,5,,
1.7 Tỷ,85,", Quận Ngũ Hành Sơn",Căn hộ chung cư,20,2.0,2.0
25.6 Tỷ,300,", Quận Ngũ Hành Sơn","Nhà biệt thự, Liền kề",15,4.0,6.0
2 Tỷ,43,", Quận Ngũ Hành Sơn",Căn hộ chung cư,50,1.0,1.0
3.6 Tỷ,60,", Quận Sơn Trà",Căn hộ chung cư,5,1.0,1.0
2.5 Tỷ,4309,", Quận Liên Chiểu",Căn hộ chung cư,35,2.0,2.0
16 Tỷ,120,", Quận Hải Châu",Nhà mặt phố,4,4.0,4.0
16 Tỷ,120,", Quận Hải Châu",Nhà mặt phố,75,3.0,4.0
26 Tỷ,300,", Quận Ngũ Hành Sơn","Nhà biệt thự, Liền kề",15,3.0,3.0
16 Tỷ,120,", Quận Hải Châu",Nhà mặt phố,75,4.0,4.0
7.59 Tỷ,300,", Quận Ngũ Hành Sơn","Nhà biệt thự, Liền kề",15,,
4.2 Tỷ,73,", Quận Cẩm Lệ",Nhà mặt phố,4,2.0,2.0
76 Triệu,71,", Quận Liên Chiểu",Căn hộ chung cư,12,2.0,2.0
2.15 Tỷ,124,", Quận Cẩm Lệ",Nhà trong ngõ,5,3.0,2.0
3.6 Tỷ,50,", Quận Hải Châu",Nhà trong ngõ,4,4.0,3.0
4.5 Tỷ,50,", Quận Hải Châu",Nhà trong ngõ,6,3.0,3.0
200 Triệu,180,", Quận Ngũ Hành Sơn",Nhà mặt phố,9,,
6.3 Tỷ,90,", Quận Thanh Khê",Nhà mặt phố,5,3.0,3.0
4.8 Tỷ,300,", Quận Ngũ Hành Sơn",Nhà mặt phố,10,11.0,11.0
4.3 Tỷ,75,", Quận Thanh Khê",Nhà trong ngõ,5,4.0,5.0
4.65 Tỷ,52,", Quận Sơn Trà",Nhà mặt phố,5,3.0,3.0
4.32 Tỷ,60,", Quận Hải Châu",Nhà mặt phố,5,2.0,2.0
7.6 Tỷ,125,", Quận Ngũ Hành Sơn",Nhà mặt phố,5,4.0,5.0
3.15 Tỷ,52,", Quận Sơn Trà",Nhà mặt phố,5,2.0,2.0
5.55 Tỷ,90,", Quận Ngũ Hành Sơn",Nhà mặt phố,5,4.0,5.0
4.6 Tỷ,75,", Quận Sơn Trà",Nhà mặt phố,5,3.0,3.0
3.15 Tỷ,52,", Quận Ngũ Hành Sơn",Nhà mặt phố,5,2.0,2.0
4.6 Tỷ,90,", Quận Sơn Trà",Nhà mặt phố,5,2.0,2.0
3.35 Tỷ,60,", Quận Liên Chiểu",Nhà trong ngõ,4,3.0,3.0
3.4 Tỷ,41,", Quận Thanh Khê",Nhà trong ngõ,4,3.0,3.0
3.99 Tỷ,85,", Quận Liên Chiểu",Nhà mặt phố,5,2.0,2.0
2.07 Tỷ,32,", Quận Hải Châu",Nhà trong ngõ,3,2.0,2.0
